--
-- PostgreSQL database dump
--

\restrict 9N8rctkOlMP4LCIxTnHTErHMeyTelD4iKVk4PQ6SH9nIsy10O6YrQNdJFZpp0is

-- Dumped from database version 14.23 (Ubuntu 14.23-0ubuntu0.22.04.1)
-- Dumped by pg_dump version 14.23 (Ubuntu 14.23-0ubuntu0.22.04.1)

SET statement_timeout = 0;
SET lock_timeout = 0;
SET idle_in_transaction_session_timeout = 0;
SET client_encoding = 'UTF8';
SET standard_conforming_strings = on;
SELECT pg_catalog.set_config('search_path', '', false);
SET check_function_bodies = false;
SET xmloption = content;
SET client_min_messages = warning;
SET row_security = off;

SET default_tablespace = '';

SET default_table_access_method = heap;

--
-- Name: auth_group; Type: TABLE; Schema: public; Owner: -
--

CREATE TABLE public.auth_group (
    id integer NOT NULL,
    name character varying(150) NOT NULL
);


--
-- Name: auth_group_id_seq; Type: SEQUENCE; Schema: public; Owner: -
--

ALTER TABLE public.auth_group ALTER COLUMN id ADD GENERATED BY DEFAULT AS IDENTITY (
    SEQUENCE NAME public.auth_group_id_seq
    START WITH 1
    INCREMENT BY 1
    NO MINVALUE
    NO MAXVALUE
    CACHE 1
);


--
-- Name: auth_group_permissions; Type: TABLE; Schema: public; Owner: -
--

CREATE TABLE public.auth_group_permissions (
    id bigint NOT NULL,
    group_id integer NOT NULL,
    permission_id integer NOT NULL
);


--
-- Name: auth_group_permissions_id_seq; Type: SEQUENCE; Schema: public; Owner: -
--

ALTER TABLE public.auth_group_permissions ALTER COLUMN id ADD GENERATED BY DEFAULT AS IDENTITY (
    SEQUENCE NAME public.auth_group_permissions_id_seq
    START WITH 1
    INCREMENT BY 1
    NO MINVALUE
    NO MAXVALUE
    CACHE 1
);


--
-- Name: auth_permission; Type: TABLE; Schema: public; Owner: -
--

CREATE TABLE public.auth_permission (
    id integer NOT NULL,
    name character varying(255) NOT NULL,
    content_type_id integer NOT NULL,
    codename character varying(100) NOT NULL
);


--
-- Name: auth_permission_id_seq; Type: SEQUENCE; Schema: public; Owner: -
--

ALTER TABLE public.auth_permission ALTER COLUMN id ADD GENERATED BY DEFAULT AS IDENTITY (
    SEQUENCE NAME public.auth_permission_id_seq
    START WITH 1
    INCREMENT BY 1
    NO MINVALUE
    NO MAXVALUE
    CACHE 1
);


--
-- Name: auth_user; Type: TABLE; Schema: public; Owner: -
--

CREATE TABLE public.auth_user (
    id integer NOT NULL,
    password character varying(128) NOT NULL,
    last_login timestamp with time zone,
    is_superuser boolean NOT NULL,
    username character varying(150) NOT NULL,
    first_name character varying(150) NOT NULL,
    last_name character varying(150) NOT NULL,
    email character varying(254) NOT NULL,
    is_staff boolean NOT NULL,
    is_active boolean NOT NULL,
    date_joined timestamp with time zone NOT NULL
);


--
-- Name: auth_user_groups; Type: TABLE; Schema: public; Owner: -
--

CREATE TABLE public.auth_user_groups (
    id bigint NOT NULL,
    user_id integer NOT NULL,
    group_id integer NOT NULL
);


--
-- Name: auth_user_groups_id_seq; Type: SEQUENCE; Schema: public; Owner: -
--

ALTER TABLE public.auth_user_groups ALTER COLUMN id ADD GENERATED BY DEFAULT AS IDENTITY (
    SEQUENCE NAME public.auth_user_groups_id_seq
    START WITH 1
    INCREMENT BY 1
    NO MINVALUE
    NO MAXVALUE
    CACHE 1
);


--
-- Name: auth_user_id_seq; Type: SEQUENCE; Schema: public; Owner: -
--

ALTER TABLE public.auth_user ALTER COLUMN id ADD GENERATED BY DEFAULT AS IDENTITY (
    SEQUENCE NAME public.auth_user_id_seq
    START WITH 1
    INCREMENT BY 1
    NO MINVALUE
    NO MAXVALUE
    CACHE 1
);


--
-- Name: auth_user_user_permissions; Type: TABLE; Schema: public; Owner: -
--

CREATE TABLE public.auth_user_user_permissions (
    id bigint NOT NULL,
    user_id integer NOT NULL,
    permission_id integer NOT NULL
);


--
-- Name: auth_user_user_permissions_id_seq; Type: SEQUENCE; Schema: public; Owner: -
--

ALTER TABLE public.auth_user_user_permissions ALTER COLUMN id ADD GENERATED BY DEFAULT AS IDENTITY (
    SEQUENCE NAME public.auth_user_user_permissions_id_seq
    START WITH 1
    INCREMENT BY 1
    NO MINVALUE
    NO MAXVALUE
    CACHE 1
);


--
-- Name: django_admin_log; Type: TABLE; Schema: public; Owner: -
--

CREATE TABLE public.django_admin_log (
    id integer NOT NULL,
    action_time timestamp with time zone NOT NULL,
    object_id text,
    object_repr character varying(200) NOT NULL,
    action_flag smallint NOT NULL,
    change_message text NOT NULL,
    content_type_id integer,
    user_id integer NOT NULL,
    CONSTRAINT django_admin_log_action_flag_check CHECK ((action_flag >= 0))
);


--
-- Name: django_admin_log_id_seq; Type: SEQUENCE; Schema: public; Owner: -
--

ALTER TABLE public.django_admin_log ALTER COLUMN id ADD GENERATED BY DEFAULT AS IDENTITY (
    SEQUENCE NAME public.django_admin_log_id_seq
    START WITH 1
    INCREMENT BY 1
    NO MINVALUE
    NO MAXVALUE
    CACHE 1
);


--
-- Name: django_content_type; Type: TABLE; Schema: public; Owner: -
--

CREATE TABLE public.django_content_type (
    id integer NOT NULL,
    app_label character varying(100) NOT NULL,
    model character varying(100) NOT NULL
);


--
-- Name: django_content_type_id_seq; Type: SEQUENCE; Schema: public; Owner: -
--

ALTER TABLE public.django_content_type ALTER COLUMN id ADD GENERATED BY DEFAULT AS IDENTITY (
    SEQUENCE NAME public.django_content_type_id_seq
    START WITH 1
    INCREMENT BY 1
    NO MINVALUE
    NO MAXVALUE
    CACHE 1
);


--
-- Name: django_migrations; Type: TABLE; Schema: public; Owner: -
--

CREATE TABLE public.django_migrations (
    id bigint NOT NULL,
    app character varying(255) NOT NULL,
    name character varying(255) NOT NULL,
    applied timestamp with time zone NOT NULL
);


--
-- Name: django_migrations_id_seq; Type: SEQUENCE; Schema: public; Owner: -
--

ALTER TABLE public.django_migrations ALTER COLUMN id ADD GENERATED BY DEFAULT AS IDENTITY (
    SEQUENCE NAME public.django_migrations_id_seq
    START WITH 1
    INCREMENT BY 1
    NO MINVALUE
    NO MAXVALUE
    CACHE 1
);


--
-- Name: django_session; Type: TABLE; Schema: public; Owner: -
--

CREATE TABLE public.django_session (
    session_key character varying(40) NOT NULL,
    session_data text NOT NULL,
    expire_date timestamp with time zone NOT NULL
);


--
-- Name: store_cartitem; Type: TABLE; Schema: public; Owner: -
--

CREATE TABLE public.store_cartitem (
    id bigint NOT NULL,
    quantity integer NOT NULL,
    user_id integer NOT NULL,
    product_id bigint NOT NULL,
    CONSTRAINT store_cartitem_quantity_check CHECK ((quantity >= 0))
);


--
-- Name: store_cartitem_id_seq; Type: SEQUENCE; Schema: public; Owner: -
--

ALTER TABLE public.store_cartitem ALTER COLUMN id ADD GENERATED BY DEFAULT AS IDENTITY (
    SEQUENCE NAME public.store_cartitem_id_seq
    START WITH 1
    INCREMENT BY 1
    NO MINVALUE
    NO MAXVALUE
    CACHE 1
);


--
-- Name: store_order; Type: TABLE; Schema: public; Owner: -
--

CREATE TABLE public.store_order (
    id bigint NOT NULL,
    full_name character varying(200) NOT NULL,
    phone character varying(50) NOT NULL,
    address character varying(255) NOT NULL,
    email character varying(254) NOT NULL,
    comment text NOT NULL,
    payment_method character varying(20) NOT NULL,
    status character varying(20) NOT NULL,
    total_price integer NOT NULL,
    created_at timestamp with time zone NOT NULL,
    user_id integer NOT NULL,
    paid_at timestamp with time zone,
    provider_payment_id character varying(120) NOT NULL,
    completed_at timestamp with time zone,
    CONSTRAINT store_order_total_price_check CHECK ((total_price >= 0))
);


--
-- Name: store_order_id_seq; Type: SEQUENCE; Schema: public; Owner: -
--

ALTER TABLE public.store_order ALTER COLUMN id ADD GENERATED BY DEFAULT AS IDENTITY (
    SEQUENCE NAME public.store_order_id_seq
    START WITH 1
    INCREMENT BY 1
    NO MINVALUE
    NO MAXVALUE
    CACHE 1
);


--
-- Name: store_orderitem; Type: TABLE; Schema: public; Owner: -
--

CREATE TABLE public.store_orderitem (
    id bigint NOT NULL,
    product_title character varying(120) NOT NULL,
    price integer NOT NULL,
    quantity integer NOT NULL,
    image_url character varying(200) NOT NULL,
    order_id bigint NOT NULL,
    CONSTRAINT store_orderitem_price_check CHECK ((price >= 0)),
    CONSTRAINT store_orderitem_quantity_check CHECK ((quantity >= 0))
);


--
-- Name: store_orderitem_id_seq; Type: SEQUENCE; Schema: public; Owner: -
--

ALTER TABLE public.store_orderitem ALTER COLUMN id ADD GENERATED BY DEFAULT AS IDENTITY (
    SEQUENCE NAME public.store_orderitem_id_seq
    START WITH 1
    INCREMENT BY 1
    NO MINVALUE
    NO MAXVALUE
    CACHE 1
);


--
-- Name: store_product; Type: TABLE; Schema: public; Owner: -
--

CREATE TABLE public.store_product (
    id bigint NOT NULL,
    title character varying(120) NOT NULL,
    price integer NOT NULL,
    image_url character varying(200) NOT NULL,
    is_active boolean NOT NULL,
    description text NOT NULL,
    CONSTRAINT store_product_price_check CHECK ((price >= 0))
);


--
-- Name: store_product_id_seq; Type: SEQUENCE; Schema: public; Owner: -
--

ALTER TABLE public.store_product ALTER COLUMN id ADD GENERATED BY DEFAULT AS IDENTITY (
    SEQUENCE NAME public.store_product_id_seq
    START WITH 1
    INCREMENT BY 1
    NO MINVALUE
    NO MAXVALUE
    CACHE 1
);


--
-- Name: store_product_tags; Type: TABLE; Schema: public; Owner: -
--

CREATE TABLE public.store_product_tags (
    id bigint NOT NULL,
    product_id bigint NOT NULL,
    tag_id bigint NOT NULL
);


--
-- Name: store_product_tags_id_seq; Type: SEQUENCE; Schema: public; Owner: -
--

ALTER TABLE public.store_product_tags ALTER COLUMN id ADD GENERATED BY DEFAULT AS IDENTITY (
    SEQUENCE NAME public.store_product_tags_id_seq
    START WITH 1
    INCREMENT BY 1
    NO MINVALUE
    NO MAXVALUE
    CACHE 1
);


--
-- Name: store_productimage; Type: TABLE; Schema: public; Owner: -
--

CREATE TABLE public.store_productimage (
    id bigint NOT NULL,
    image_url character varying(200) NOT NULL,
    sort_order integer NOT NULL,
    product_id bigint NOT NULL,
    CONSTRAINT store_productimage_sort_order_check CHECK ((sort_order >= 0))
);


--
-- Name: store_productimage_id_seq; Type: SEQUENCE; Schema: public; Owner: -
--

ALTER TABLE public.store_productimage ALTER COLUMN id ADD GENERATED BY DEFAULT AS IDENTITY (
    SEQUENCE NAME public.store_productimage_id_seq
    START WITH 1
    INCREMENT BY 1
    NO MINVALUE
    NO MAXVALUE
    CACHE 1
);


--
-- Name: store_profile; Type: TABLE; Schema: public; Owner: -
--

CREATE TABLE public.store_profile (
    id bigint NOT NULL,
    first_name character varying(150) NOT NULL,
    last_name character varying(150) NOT NULL,
    phone character varying(50) NOT NULL,
    address character varying(255) NOT NULL,
    user_id integer NOT NULL
);


--
-- Name: store_profile_id_seq; Type: SEQUENCE; Schema: public; Owner: -
--

ALTER TABLE public.store_profile ALTER COLUMN id ADD GENERATED BY DEFAULT AS IDENTITY (
    SEQUENCE NAME public.store_profile_id_seq
    START WITH 1
    INCREMENT BY 1
    NO MINVALUE
    NO MAXVALUE
    CACHE 1
);


--
-- Name: store_tag; Type: TABLE; Schema: public; Owner: -
--

CREATE TABLE public.store_tag (
    id bigint NOT NULL,
    name character varying(60) NOT NULL
);


--
-- Name: store_tag_id_seq; Type: SEQUENCE; Schema: public; Owner: -
--

ALTER TABLE public.store_tag ALTER COLUMN id ADD GENERATED BY DEFAULT AS IDENTITY (
    SEQUENCE NAME public.store_tag_id_seq
    START WITH 1
    INCREMENT BY 1
    NO MINVALUE
    NO MAXVALUE
    CACHE 1
);


--
-- Data for Name: auth_group; Type: TABLE DATA; Schema: public; Owner: -
--

COPY public.auth_group (id, name) FROM stdin;
\.


--
-- Data for Name: auth_group_permissions; Type: TABLE DATA; Schema: public; Owner: -
--

COPY public.auth_group_permissions (id, group_id, permission_id) FROM stdin;
\.


--
-- Data for Name: auth_permission; Type: TABLE DATA; Schema: public; Owner: -
--

COPY public.auth_permission (id, name, content_type_id, codename) FROM stdin;
1	Can add log entry	1	add_logentry
2	Can change log entry	1	change_logentry
3	Can delete log entry	1	delete_logentry
4	Can view log entry	1	view_logentry
5	Can add permission	2	add_permission
6	Can change permission	2	change_permission
7	Can delete permission	2	delete_permission
8	Can view permission	2	view_permission
9	Can add group	3	add_group
10	Can change group	3	change_group
11	Can delete group	3	delete_group
12	Can view group	3	view_group
13	Can add user	4	add_user
14	Can change user	4	change_user
15	Can delete user	4	delete_user
16	Can view user	4	view_user
17	Can add content type	5	add_contenttype
18	Can change content type	5	change_contenttype
19	Can delete content type	5	delete_contenttype
20	Can view content type	5	view_contenttype
21	Can add session	6	add_session
22	Can change session	6	change_session
23	Can delete session	6	delete_session
24	Can view session	6	view_session
25	Can add product	7	add_product
26	Can change product	7	change_product
27	Can delete product	7	delete_product
28	Can view product	7	view_product
29	Can add cart item	8	add_cartitem
30	Can change cart item	8	change_cartitem
31	Can delete cart item	8	delete_cartitem
32	Can view cart item	8	view_cartitem
33	Can add profile	9	add_profile
34	Can change profile	9	change_profile
35	Can delete profile	9	delete_profile
36	Can view profile	9	view_profile
37	Can add tag	10	add_tag
38	Can change tag	10	change_tag
39	Can delete tag	10	delete_tag
40	Can view tag	10	view_tag
41	Can add product image	11	add_productimage
42	Can change product image	11	change_productimage
43	Can delete product image	11	delete_productimage
44	Can view product image	11	view_productimage
45	Can add order	12	add_order
46	Can change order	12	change_order
47	Can delete order	12	delete_order
48	Can view order	12	view_order
49	Can add order item	13	add_orderitem
50	Can change order item	13	change_orderitem
51	Can delete order item	13	delete_orderitem
52	Can view order item	13	view_orderitem
\.


--
-- Data for Name: auth_user; Type: TABLE DATA; Schema: public; Owner: -
--

COPY public.auth_user (id, password, last_login, is_superuser, username, first_name, last_name, email, is_staff, is_active, date_joined) FROM stdin;
1	pbkdf2_sha256$1000000$VHumJ9RYv0KvMHr9g4lKVI$NLeF5T/uJCBi54ycBHijOrcvdONY8oq7dYNoeJl74fE=	2026-06-17 09:33:26.463+10	t	admin			admin@example.com	t	t	2026-06-17 09:33:25.388+10
2	pbkdf2_sha256$1000000$9SSLeNcFnE3eCf5T7L2TK2$9nngoow1Pcxn2fe1fdd0D+6qqD1rm9V4JvGtx02Crmo=	2026-06-17 09:33:43.731+10	f	user1			u@example.com	f	t	2026-06-17 09:33:42.7+10
3	pbkdf2_sha256$1000000$GSUOKvhfZ5PYAY6RqQjUQh$BTkNzPLbILntUA6W62mvVy1TP0CoMWTlhKYXX8eMC2U=	2026-06-17 10:07:09.63+10	f	u1				f	t	2026-06-17 10:07:08.655+10
5	pbkdf2_sha256$1000000$XuZb8t7KqU3uksfOnz8dxL$vwvadfoTPWUyjISwMG2TE5mCxzROc5XPGDYa7+gF/Y4=	2026-06-17 10:20:36.957+10	f	testu			test@example.com	f	t	2026-06-17 10:20:36.21+10
6	pbkdf2_sha256$1000000$I3ln12BCOdYo2LoTWAKQ81$SNnxA3Yms017UieN82z2RkwiPFy8UuLny0pJwi/8euw=	2026-06-17 10:23:16.005+10	t	smokeadmin_ar22fl			smokeadmin_ar22fl@example.com	t	t	2026-06-17 10:23:13.271+10
7	pbkdf2_sha256$1000000$yuAKVjcE4269vL19UrXoJk$CtiEsFqTONg0oDjEw/dNYdYTp8oB++mosRR8wKh6W6o=	2026-06-17 10:23:15.32+10	f	smokeuser_takeqd			smokeuser_takeqd@example.com	f	t	2026-06-17 10:23:14.004+10
8	pbkdf2_sha256$1000000$b9bAnkR8M62Ngyi4j4jp93$cLtCou9eozqEjkw1tK1jgkXdmsOLhiolkyfxrMDIMF8=	2026-06-17 10:26:48.188+10	f	vizcheck			vizcheck@example.com	f	t	2026-06-17 10:26:47.494+10
10	pbkdf2_sha256$1000000$NldYXQd1ockUEuOTVNZVTW$0TDz80MDYQbR5Hvd58ZS14JCEXFAcdkBzp6eaGg4rsM=	2026-06-17 10:59:02.697+10	f	profiletest			p@example.com	f	t	2026-06-17 10:59:01.317+10
11	pbkdf2_sha256$1000000$fwmANj2JmFyynNeeRYQF4J$QAGQN1CJSZHidJpcpnXEoKEBEwaW2rwBLSgBJFmptVY=	2026-06-17 10:59:30.797+10	f	profiletest2			p2@example.com	f	t	2026-06-17 10:59:29.291+10
12	pbkdf2_sha256$1000000$FcYYztGma56QjyRYNGo1Ki$dQfCfk/FhcPGaP8OWRLBnTnVIIGk5VS0hywHyAwSENQ=	2026-06-26 16:00:13.102+10	t	SnawBill			vladmalov201@gmail.com	t	t	2026-06-17 11:01:30.124+10
9	pbkdf2_sha256$1000000$NQapu6zFdlYKYqkPF5yeHf$qxG/DU14Fzc+6NQc9iOa0KFkPvFImBnZfrMGtlOTox4=	2026-06-26 18:42:00.957318+10	f	vlad			vladmalov19@gmail.com	f	t	2026-06-17 10:28:20.901+10
\.


--
-- Data for Name: auth_user_groups; Type: TABLE DATA; Schema: public; Owner: -
--

COPY public.auth_user_groups (id, user_id, group_id) FROM stdin;
\.


--
-- Data for Name: auth_user_user_permissions; Type: TABLE DATA; Schema: public; Owner: -
--

COPY public.auth_user_user_permissions (id, user_id, permission_id) FROM stdin;
\.


--
-- Data for Name: django_admin_log; Type: TABLE DATA; Schema: public; Owner: -
--

COPY public.django_admin_log (id, action_time, object_id, object_repr, action_flag, change_message, content_type_id, user_id) FROM stdin;
1	2026-06-25 14:01:13.236+10	511	Фрида Кало	3		7	12
2	2026-06-25 14:01:13.236+10	512	Красные Розы Эквадор	3		7	12
3	2026-06-25 14:01:13.236+10	513	Сумочка с орхидеями и эвкалиптом	3		7	12
4	2026-06-25 14:01:13.236+10	514	Адажио	3		7	12
5	2026-06-25 14:01:13.236+10	515	Ласковый Свет	3		7	12
6	2026-06-25 14:01:13.236+10	516	Букет «Великолепная»	3		7	12
7	2026-06-25 14:01:13.236+10	517	Цветущая Нежность	3		7	12
8	2026-06-25 14:01:13.236+10	518	Букет из 11 роз разных цветов Россия 60 см.	3		7	12
9	2026-06-25 14:01:13.236+10	519	Дуо Пионы и Гортензия	3		7	12
10	2026-06-25 14:01:13.236+10	520	Коллаж из чувств	3		7	12
11	2026-06-25 14:01:13.236+10	521	Цветы в коробке «Белый берег»	3		7	12
12	2026-06-25 14:01:13.236+10	522	Страстные Красные Розы	3		7	12
13	2026-06-25 14:01:13.236+10	523	сочный букет из красных пионов и гортензий	3		7	12
14	2026-06-25 14:01:13.236+10	524	Люблю Тебя	3		7	12
15	2026-06-25 14:01:13.236+10	525	Цветы Лета	3		7	12
16	2026-06-25 14:01:13.236+10	526	Персиковый Жемчуг	3		7	12
17	2026-06-25 14:01:13.236+10	527	Комплимент	3		7	12
18	2026-06-25 14:01:13.236+10	528	Головокружительная Корзина Пионов	3		7	12
19	2026-06-25 14:03:16.666+10	467	Премиальные Пионы	3		7	12
20	2026-06-25 14:03:16.666+10	469	Лето в Милане	3		7	12
21	2026-06-25 14:03:16.666+10	470	Красочные кенийские розы	3		7	12
22	2026-06-25 14:03:16.666+10	471	Восторг Любви	3		7	12
23	2026-06-25 14:03:16.666+10	472	Акция Орхидеи Ультрамарин	3		7	12
24	2026-06-25 14:03:16.666+10	473	Амальфи	3		7	12
25	2026-06-25 14:03:16.666+10	475	Пионы и розы мисти	3		7	12
26	2026-06-25 14:03:16.666+10	476	Акция Милые Хризантемы	3		7	12
27	2026-06-25 14:03:16.666+10	477	Хит Просто Любовь	3		7	12
28	2026-06-25 14:03:16.666+10	479	Цветы и макаронс в коробке	3		7	12
29	2026-06-25 14:03:16.666+10	481	Цветущая сакура	3		7	12
30	2026-06-25 14:03:16.666+10	482	Букет из 15 зелено-розовых роз в крафте Кения 40 см.	3		7	12
31	2026-06-25 14:03:16.666+10	483	Тайна Орхидеи	3		7	12
32	2026-06-25 14:03:16.666+10	484	Букет Девушка – Весна	3		7	12
33	2026-06-25 14:03:16.666+10	485	Корзина "Гранд"	3		7	12
34	2026-06-25 14:03:16.666+10	486	Жозефина	3		7	12
35	2026-06-25 14:03:16.666+10	487	Южный бриз	3		7	12
36	2026-06-25 14:03:16.666+10	488	Акция Корзина 251 Рубиновая Роза	3		7	12
37	2026-06-25 14:03:16.666+10	489	Арабская Сказка	3		7	12
38	2026-06-25 14:03:16.666+10	490	Букет «Клеопатра»	3		7	12
39	2026-06-25 14:03:16.666+10	491	Лунная Серенада	3		7	12
40	2026-06-25 14:03:16.666+10	492	Ангельские Пионы	3		7	12
41	2026-06-25 14:03:16.666+10	493	Сад Моне	3		7	12
42	2026-06-25 14:03:16.666+10	494	Мисти земляника	3		7	12
43	2026-06-25 14:03:16.666+10	495	Любимые Подсолнухи	3		7	12
44	2026-06-25 14:03:16.666+10	496	Райская Оранжерея	3		7	12
45	2026-06-25 14:03:16.666+10	497	Новый Космическая Страсть	3		7	12
46	2026-06-25 14:03:16.666+10	498	Стаккато	3		7	12
47	2026-06-25 14:03:16.666+10	499	Бархатное Сердце	3		7	12
48	2026-06-25 14:03:16.666+10	500	Богемный Шик	3		7	12
49	2026-06-25 14:03:16.666+10	501	7 Роз 60 см Эквадорские Персиковые Шиммер	3		7	12
50	2026-06-25 14:03:16.666+10	502	Море Нежности	3		7	12
51	2026-06-25 14:03:16.666+10	503	Букет «Моя вселенная»	3		7	12
52	2026-06-25 14:03:16.666+10	504	Букет из роскошных пионов , гортензий и маттиолы Для самой милой	3		7	12
53	2026-06-25 14:03:16.666+10	505	Монобукет из красных пионов	3		7	12
54	2026-06-25 14:03:16.666+10	506	Розовый зефир	3		7	12
55	2026-06-25 14:03:16.666+10	507	Хит Белые Пионы	3		7	12
56	2026-06-25 14:03:16.666+10	508	Небесный сапфир	3		7	12
57	2026-06-25 14:03:16.666+10	509	Пионовидные Мисти Баблс	3		7	12
58	2026-06-25 14:03:16.666+10	510	Солнечное Настроение	3		7	12
\.


--
-- Data for Name: django_content_type; Type: TABLE DATA; Schema: public; Owner: -
--

COPY public.django_content_type (id, app_label, model) FROM stdin;
1	admin	logentry
2	auth	permission
3	auth	group
4	auth	user
5	contenttypes	contenttype
6	sessions	session
7	store	product
8	store	cartitem
9	store	profile
10	store	tag
11	store	productimage
12	store	order
13	store	orderitem
\.


--
-- Data for Name: django_migrations; Type: TABLE DATA; Schema: public; Owner: -
--

COPY public.django_migrations (id, app, name, applied) FROM stdin;
1	contenttypes	0001_initial	2026-06-26 18:28:09.545831+10
2	auth	0001_initial	2026-06-26 18:28:09.661348+10
3	admin	0001_initial	2026-06-26 18:28:09.694135+10
4	admin	0002_logentry_remove_auto_add	2026-06-26 18:28:09.704391+10
5	admin	0003_logentry_add_action_flag_choices	2026-06-26 18:28:09.715625+10
6	contenttypes	0002_remove_content_type_name	2026-06-26 18:28:09.745435+10
7	auth	0002_alter_permission_name_max_length	2026-06-26 18:28:09.762768+10
8	auth	0003_alter_user_email_max_length	2026-06-26 18:28:09.778139+10
9	auth	0004_alter_user_username_opts	2026-06-26 18:28:09.791253+10
10	auth	0005_alter_user_last_login_null	2026-06-26 18:28:09.805035+10
11	auth	0006_require_contenttypes_0002	2026-06-26 18:28:09.809627+10
12	auth	0007_alter_validators_add_error_messages	2026-06-26 18:28:09.826452+10
13	auth	0008_alter_user_username_max_length	2026-06-26 18:28:09.857924+10
14	auth	0009_alter_user_last_name_max_length	2026-06-26 18:28:09.873071+10
15	auth	0010_alter_group_name_max_length	2026-06-26 18:28:09.890582+10
16	auth	0011_update_proxy_permissions	2026-06-26 18:28:09.899808+10
17	auth	0012_alter_user_first_name_max_length	2026-06-26 18:28:09.913576+10
18	sessions	0001_initial	2026-06-26 18:28:09.932108+10
19	store	0001_initial	2026-06-26 18:28:09.972777+10
20	store	0002_profile	2026-06-26 18:28:10.000111+10
21	store	0003_tag_productimage_product_tags	2026-06-26 18:28:10.07888+10
22	store	0004_product_description	2026-06-26 18:28:10.095667+10
23	store	0005_order_orderitem	2026-06-26 18:28:10.155907+10
24	store	0006_order_paid_at_order_provider_payment_id_and_more	2026-06-26 18:28:10.19689+10
25	store	0007_order_completed_at_alter_order_status	2026-06-26 18:28:10.229849+10
\.


--
-- Data for Name: django_session; Type: TABLE DATA; Schema: public; Owner: -
--

COPY public.django_session (session_key, session_data, expire_date) FROM stdin;
41ir8je01uzr6c2bazae7qtgeodmtar6	e30:1wZecQ:TlQll9zpgpzNSC1MWo16FGbXu-E9ObLoDCSMwQFm-O0	2026-07-01 10:59:02.655+10
52x6tns2ksntpkok9fj1btv02nie8bu8	.eJxVjktuwzAMRK9iaG0IkqiP02X3PUEUCPrQcdLWBqJ4VfTutUMXsFcPHM4M-cNCnJ9DmCs-wq2wN6ZZu9dSzJ84rotyj-N14nkan49b4quFb9vKP6aCX--b91AwxDos6ZSUBZmLgixjPAkh0BbnTO6tNlIqEPakezDWmFxSMlI7aTWCdFmkCHEt_cZa4xXrUnc-exbCvU7jv-pZ24i2UaZtPPN-FlqqF3RqiECQL0BPMCR2NBUCUgIcQZBH7BNAbdDtS7U6OLvDhAS179wO6sTX95e_2eXCfv8AvlN6lw:1wZdyf:JA7X59HSniZ0HPt5kyk_5Cl8KJUNDu9uqwtFObxvKEk	2026-07-01 10:17:57.746+10
5y25wonrf3b8jta5wo9inhwv5oeguk2h	.eJxVjMsOwiAQRf-FtSHDozxcuvcbyACDVA0kpV0Z_12bdKHbe865LxZwW2vYBi1hzuzMhGCn3zFielDbSb5ju3WeeluXOfJd4Qcd_NozPS-H-3dQcdRvXaZsnFdFSXRSECQRKaLRJEB7bzV6kCBLxmKNtkKRAmWMKxZgcgmIvT_2yTc-:1wZecs:KuC7dF9QQ1j9_fFwNOkYktf3ne2vpoMPjRwVp6UWjIo	2026-07-01 10:59:30.868+10
6f1l8vzjtx6g1mdp5wy4m6zlbypbzpy2	.eJxVjEEOwiAQAP_C2RBKC2U9eu8byC67tVUDSWlPxr8bkh70OjOZt4p47Es8qmxxZXVVvbr8MsL0lNwEPzDfi04l79tKuiX6tFVPheV1O9u_wYJ1aVtGSQlk6Ik8W7BdL91MI6IDLyzeupAABghkU2f8bFmY0YIJ7MiM6vMFCyM4mw:1wZdoD:7F9yjYsPhJVQa3Ot9euCStTPpzwBVzmpNWIoDdUwYfM	2026-07-01 10:07:09.677+10
ahwwsmg54io75mosagk5ey45a9ul6g4o	.eJxVjs1uwyAQhF_F4mwhYEnAPfbeJwgR4meJk7a2FOJTlXePnXUl-_RpZ2dm94_5MD16P1W8-2tmH8yydqvFkL5xWBb5FobLyNM4PO7XyBcLX7eVf40Zfz5X766gD7Wf0yijNqWkzoKSgCZmGyXobFWnFFhhYjBKRaFzOgYscLShJI0IMoXYdWUp_cVawwXrXHc6Oeb9rY7Dv-pY24i2UYe2ccy5SWip3tCxIQJBvgGFcCDR0pQJSAkwBEEesU0AtYHdlmq1c9rdhAS17VwP6siX9-e_2fnMni8Ji3vi:1wZe7E:mVAJurL_NcqN8Qz8CxxtfVMKcwqvkAzjqEIdsY1xVlQ	2026-07-01 10:26:48.193+10
akx4q512r1yrfkdh72msja5ney0smxaa	.eJxVjEEOgjAQRe_StWlm2koZl-45Axk6g0UNTSisjHdXEha6_e-9_zI9b2vut6pLP4m5GDSn323g9NB5B3Ln-VZsKvO6TIPdFXvQarsi-rwe7t9B5pq_dWyAAFgR2rYRZFB1PvAQCB2NHDAhkEdII1OKwhRcEOJ4HsVzBDTvD8SlN1c:1wZdHa:ZBi3ClP4j1AHIo94a7aiKB39MmY_cDsMICuKj-ckfrI	2026-07-01 09:33:26.502+10
bxajyajcyllt4mu8yl2d1c17e9lt606j	.eJxVjDsOwjAQBe_iGlleEv8o6XMGa-1d4wBypDipEHcHSymgeM2b0bxEwH0rYW-8hpnERWhx-v0ipgfXDuiO9bbItNRtnaPsijxok9NC_Lwe7l-gYCs9i-wQYMhM4K0zxthMwNmpvkQaxggenPPKu69BmUGNZ406ZTtAFu8P4r83kA:1wZe1E:qS1tXB3iU1RpH99HkyGGt5WuMx20ZdKnhkOVkTs_uyw	2026-07-01 10:20:36.999+10
u4w3vdrx537rivyoc6qhsznoybbmo8ec	.eJxdj01uwyAQRq-CWFsWHiDgLLvvCUKE-BnipK0thXhV9e61DZXsrh4z880b8U2tm1-DnTM-7T3SMwXa7HvehQ8c10F8uPE2tWEaX8-7b9dIW6e5fZ8ifr7V7EEwuDws2_qUko46cs6CDkwEJRDBeQANndcqCDxhUlxJpSUC1z3rpXLaqyXJE67SL8zZ3TAvusvFUGsfeRr_uoY2hDUEZEMMNWZmohMbOBZ0BawACnyBLIh14Uy2B7CDQB2qIhBV0JP9EcFL5fZ2ATWTCvRBF__J6fYNer3Sn1_tSYAg:1wZdHr:croDaEKtiYBTroMfoymyYbdQGOWXE98kdiUt7PLo6jY	2026-07-01 09:33:43.761+10
ydqm1vtcuwp1z8wyjr1pflszmi2dxyes	.eJxVjDsOwjAQBe_iGln-xiwlfc5grddrHECOFCcV4u4QKQW0b2beS0Tc1hq3zkucsrgIEKffLSE9uO0g37HdZklzW5cpyV2RB-1ynDM_r4f7d1Cx12-tEzljXDl79LoQKmsd0cDGAQOCKpRCsE6jxjAoglw8FMsMvpDLCcX7A-0bOJc:1wd28O:E6NuD0hcKYchxMT_BeNvGegOdT_0WAM9JyTdsjymh94	2026-07-10 18:42:00.96162+10
\.


--
-- Data for Name: store_cartitem; Type: TABLE DATA; Schema: public; Owner: -
--

COPY public.store_cartitem (id, quantity, user_id, product_id) FROM stdin;
20	1	9	408
\.


--
-- Data for Name: store_order; Type: TABLE DATA; Schema: public; Owner: -
--

COPY public.store_order (id, full_name, phone, address, email, comment, payment_method, status, total_price, created_at, user_id, paid_at, provider_payment_id, completed_at) FROM stdin;
1	vlad	+7 (908) 967-7832	ер	vladmalov19@gmail.com		sbp	completed	13198	2026-06-22 21:26:00.213+10	9	\N		2026-06-24 23:10:29.74+10
2	vlad	+7 (908) 967-7832	ер	vladmalov19@gmail.com		sbp	completed	5599	2026-06-22 21:37:15.837+10	9	2026-06-22 21:37:24.333+10		2026-06-24 23:09:42.754+10
3	vlad	+7 (908) 967-7832	Уссурийск	vladmalov19@gmail.com		sbp	paid	6639	2026-06-24 23:28:47.832+10	9	2026-06-24 23:28:51.616+10		\N
4	vlad	+7 (908) 967-7832	Уссурийск	vladmalov19@gmail.com		sbp	completed	30396	2026-06-25 13:53:45.93+10	9	2026-06-25 13:53:52.632+10		2026-06-25 13:54:44.199+10
5	Влад Малов	+7 (908) 967-7832	г. Уссурийск	vladmalov19@gmail.com		sbp	pending	5599	2026-06-26 15:56:04.333+10	9	\N		\N
\.


--
-- Data for Name: store_orderitem; Type: TABLE DATA; Schema: public; Owner: -
--

COPY public.store_orderitem (id, product_title, price, quantity, image_url, order_id) FROM stdin;
1	Розы и перуанские лилии	7599	1	https://cdn1.1800flowers.com/wcsstore/Flowers/images/catalog/144754mpkcv2x.jpg	1
2	Праздничный букет	5599	1	https://cdn2.1800flowers.com/wcsstore/Flowers/images/catalog/194582srdhv1x.jpg	1
3	Праздничный букет	5599	1	https://cdn2.1800flowers.com/wcsstore/Flowers/images/catalog/194582srdhv1x.jpg	2
4	Две дюжины разноцветных роз	6639	1	https://cdn1.1800flowers.com/wcsstore/Flowers/images/catalog/90925mpuv5x.jpg	3
5	Летние поля Европы	7999	3	https://cdn3.1800flowers.com/wcsstore/Flowers/images/catalog/225410xlx.jpg	4
6	Яркий цветочный микс	6399	1	https://cdn1.1800flowers.com/wcsstore/Flowers/images/catalog/191313xlx.jpg	4
7	Праздничный букет	5599	1	https://cdn2.1800flowers.com/wcsstore/Flowers/images/catalog/194582srdhv1x.jpg	5
\.


--
-- Data for Name: store_product; Type: TABLE DATA; Schema: public; Owner: -
--

COPY public.store_product (id, title, price, image_url, is_active, description) FROM stdin;
405	Яркие герберы, 12-24 стебля	7039	https://cdn3.1800flowers.com/wcsstore/Flowers/images/catalog/90618mtv4x.jpg	t	Яркий и жизнерадостный букет из гербер, который сразу поднимает настроение. Насыщенные цветы собраны в аккуратную композицию и подойдут как для праздника, так и для приятного повседневного сюрприза.
406	Красно-бело-синие розы	7599	https://cdn2.1800flowers.com/wcsstore/Flowers/images/catalog/140156mrdv4x.jpg	t	Эффектный букет из роз в красных, белых и синих оттенках. Яркая композиция выглядит торжественно и подходит для памятного подарка или особенного события.
407	Розы и перуанские лилии	7599	https://cdn1.1800flowers.com/wcsstore/Flowers/images/catalog/144754mpkcv2x.jpg	t	Пышная композиция, в которой сочетаются роскошные розы и нежные перуанские лилии. Такой букет выглядит выразительно и помогает красиво показать заботу и внимание.
408	Праздничный букет	5599	https://cdn2.1800flowers.com/wcsstore/Flowers/images/catalog/194582srdhv1x.jpg	t	Нарядный букет в красно-белой гамме с праздничным настроением. Розы, гвоздики и другие сезонные цветы создают теплую и уютную композицию.
409	Праздничный букет с лилиями	6799	https://cdn1.1800flowers.com/wcsstore/Flowers/images/catalog/16878mx.jpg	t	Яркий букет с красными и белыми азиатскими лилиями, который сразу привлекает внимание. Подходит для теплых поздравлений и праздничных дней.
410	Праздничные тюльпаны	6799	https://cdn1.1800flowers.com/wcsstore/Flowers/images/catalog/103629mrdsv1x.jpg	t	Букет из красных и белых тюльпанов с легким зимним настроением. Нежная и свежая композиция, которая добавит тепла любому торжеству.
411	Две дюжины разноцветных роз	6639	https://cdn1.1800flowers.com/wcsstore/Flowers/images/catalog/90925mpuv5x.jpg	t	Большой букет из двадцати четырех роз разных оттенков. Яркая палитра делает композицию особенно выразительной и запоминающейся.
412	Летние поля Европы	7999	https://cdn3.1800flowers.com/wcsstore/Flowers/images/catalog/225410xlx.jpg	t	Букет, вдохновленный красотой европейской природы. Золотистые и голубые оттенки на фоне сочной зелени создают ощущение летней свежести и деревенского уюта.
413	Розы Сорбет	9039	https://cdn3.1800flowers.com/wcsstore/Flowers/images/catalog/100550mprsv2sc12x.jpg	t	Нежный букет из роз в пастельных оттенках лаванды, оранжевого и розового. Элегантная композиция выглядит мягко, свежо и очень изысканно.
414	Розовые розы и лилии	7199	https://cdn3.1800flowers.com/wcsstore/Flowers/images/catalog/100547spfv1x.jpg	t	Эффектный монохромный букет в розовой гамме. Длинные розы и пышные лилии вместе создают романтичную и выразительную композицию.
415	Стабилизированные розы Алое сердце	14000	https://cdn2.1800flowers.com/wcsstore/Flowers/images/catalog/211705sx.jpg	t	Роскошная композиция из стабилизированных роз в форме сердца. Глубокие красные оттенки делают этот подарок особенно эффектным и запоминающимся.
416	Красные розы и каллы	6639	https://cdn3.1800flowers.com/wcsstore/Flowers/images/catalog/92930srdv4x.jpg	t	Элегантный букет, в котором сочетаются длинные красные розы и белые каллы. Контраст цветов делает композицию особенно выразительной и торжественной.
417	Летняя мечта	4639	https://cdn1.1800flowers.com/wcsstore/Flowers/images/catalog/213624spuv5x.jpg	t	Солнечный летний букет с подсолнухами, перуанскими лилиями, гвоздиками и яркими сезонными цветами. Легкая и живая композиция для хорошего настроения.
418	Две дюжины красных роз	7039	https://cdn2.1800flowers.com/wcsstore/Flowers/images/catalog/90926mrdv4x.jpg	t	Классический романтичный букет из двадцати четырех красных роз. Подойдет для признания, годовщины или любого особенного момента.
419	Стабилизированные розы Роскошное сердце	38800	https://cdn2.1800flowers.com/wcsstore/Flowers/images/catalog/211706sx.jpg	t	Эффектная композиция из стабилизированных роз в коробке в форме сердца. Идеальный вариант для роскошного и очень романтичного подарка.
420	Сияние подсолнухов	8239	https://cdn2.1800flowers.com/wcsstore/Flowers/images/catalog/213365swkv2x.jpg	t	Стильный летний букет с подсолнухами, розами и цветами в желто-персиковой гамме. Композиция выглядит тепло, солнечно и благородно.
421	Цветочный центр Палитра сада	6399	https://cdn3.1800flowers.com/wcsstore/Flowers/images/catalog/212967lx.jpg	t	Яркая центральная композиция с розами, подсолнухами, дельфиниумами и множеством насыщенных оттенков. Подходит для оформления стола и праздничного декора.
422	Авторский букет основателя	11999	https://cdn2.1800flowers.com/wcsstore/Flowers/images/catalog/213557lx.jpg	t	Продуманная авторская композиция с классическими цветами и богатой фактурой. Букет выглядит солидно и уместен для значимого подарка.
423	Щедрость сада	6399	https://cdn3.1800flowers.com/wcsstore/Flowers/images/catalog/212962lx.jpg	t	Объемная композиция с розами, лизиантусами и нежными цветами в корзине. Выглядит свежо, уютно и напоминает букет только что из сада.
424	Морской бриз	5999	https://cdn2.1800flowers.com/wcsstore/Flowers/images/catalog/191300lx.jpg	t	Спокойная композиция в прохладных морских оттенках с розами, дельфиниумами и перуанскими лилиями. Букет передает ощущение свежести и легкости.
425	Садовая тропинка	11999	https://cdn1.1800flowers.com/wcsstore/Flowers/images/catalog/225291lx.jpg	t	Яркий букет с оранжевыми розами, голубыми дельфиниумами и сочной зеленью. Живая цветовая палитра делает композицию очень летней и позитивной.
426	Лавандовый сад	7439	https://cdn2.1800flowers.com/wcsstore/Flowers/images/catalog/160557spuv5x.jpg	t	Нежный букет в лавандово-белой гамме, словно собранный в саду ранним утром. Легкая и деликатная композиция для теплого подарка.
427	Начало лета	8239	https://cdn2.1800flowers.com/wcsstore/Flowers/images/catalog/194867mvw1x.jpg	t	Букет в розовых, персиковых и белых оттенках, передающий атмосферу первых теплых дней. Очень светлая и приятная композиция.
428	Яркий летний букет с лилиями	7839	https://cdn3.1800flowers.com/wcsstore/Flowers/images/catalog/92926swkv2x.jpg	t	Лилии в оранжевых, розовых и белых оттенках собраны в заметный и праздничный букет. Он выглядит свежо и эффектно.
429	Дюжина разноцветных роз	5039	https://cdn3.1800flowers.com/wcsstore/Flowers/images/catalog/90925sprhv1x.jpg	t	Букет из двенадцати роз разных оттенков. Яркая композиция помогает передать эмоции и добавить красок в любой день.
430	Искренние соболезнования	7039	https://cdn1.1800flowers.com/wcsstore/Flowers/images/catalog/160077mpkcv2x.jpg	t	Мягкий букет в розово-белой гамме, созданный для выражения поддержки, участия и теплой памяти. Сдержанная и уважительная композиция.
431	Белые лилии в знак поддержки	6239	https://cdn1.1800flowers.com/wcsstore/Flowers/images/catalog/160075smbv2x.jpg	t	Спокойная композиция из белых лилий и зелени, созданная для выражения сочувствия и поддержки. Светлый букет с очень деликатным настроением.
432	Светлая память	6399	https://cdn1.1800flowers.com/wcsstore/Flowers/images/catalog/212963lx.jpg	t	Нежная памятная композиция в белых оттенках, оформленная в корзине. Букет передает уважение, поддержку и спокойствие.
433	Драгоценные воспоминания	7199	https://cdn1.1800flowers.com/wcsstore/Flowers/images/catalog/191626lx.jpg	t	Элегантная белая композиция с зеленью для выражения участия и памяти. Смотрится благородно, спокойно и очень аккуратно.
434	Корзина искренней памяти	14399	https://cdn1.1800flowers.com/wcsstore/Flowers/images/catalog/191629xlx.jpg	t	Крупная цветочная корзина с яркими акцентами, созданная как памятная композиция. Подходит для уважительного и торжественного прощания.
435	Розовые лепестки	7439	https://cdn3.1800flowers.com/wcsstore/Flowers/images/catalog/104516mpfv1x.jpg	t	Нежный букет из розовых роз с мягким романтичным характером. Идеален для теплых слов, признания или красивого комплимента.
436	Яркий цветочный микс	6399	https://cdn1.1800flowers.com/wcsstore/Flowers/images/catalog/191313xlx.jpg	t	Насыщенная композиция из ярких сезонных цветов с праздничным характером. Букет выглядит живо, объемно и сразу привлекает внимание.
437	Розы Калейдоскоп	8191	https://cdn2.1800flowers.com/wcsstore/Flowers/images/catalog/140157mpuv5x.jpg	t	Эффектный букет из роз с пестрой палитрой оттенков. Композиция выглядит празднично и хорошо подходит для яркого подарка.
438	Стабилизированные розы Великолепие	16800	https://cdn2.1800flowers.com/wcsstore/Flowers/images/catalog/156598xlrdx.jpg	t	Долговечная композиция из стабилизированных роз с аккуратной премиальной подачей. Подходит для эффектного интерьерного подарка.
439	Мэрилин Монро: Счастливый день	17200	https://cdn1.1800flowers.com/wcsstore/Flowers/images/catalog/212099lx.jpg	t	Коллекционная композиция из стабилизированных роз, вдохновленная образом Мэрилин Монро. Яркий и запоминающийся подарок с акцентом на стиль.
440	Мэрилин Монро: Гламур	17200	https://cdn3.1800flowers.com/wcsstore/Flowers/images/catalog/212103lx.jpg	t	Элегантная цветочная композиция в коллекционном оформлении. Подходит для эффектного подарка с выраженным декоративным характером.
441	Мэрилин Монро: Вечная классика	17200	https://cdn3.1800flowers.com/wcsstore/Flowers/images/catalog/212101lx.jpg	t	Стильная композиция из стабилизированных роз, сочетающая роскошь и классическое настроение. Смотрится очень выразительно.
442	Мэрилин Монро: Сокровища	17200	https://cdn1.1800flowers.com/wcsstore/Flowers/images/catalog/212102lx.jpg	t	Премиальная композиция из роз в декоративной подаче. Идеальный вариант для впечатляющего и памятного подарка.
443	Мэрилин Монро: Красота	17200	https://cdn3.1800flowers.com/wcsstore/Flowers/images/catalog/212100lx.jpg	t	Эффектная композиция с коллекционным настроением и роскошной цветочной подачей. Подходит для торжественного подарка.
444	Мэрилин Монро: Икона	17200	https://cdn3.1800flowers.com/wcsstore/Flowers/images/catalog/212098lx.jpg	t	Коллекционная композиция из стабилизированных роз с выразительным дизайном. Выглядит ярко и статусно.
445	Цитрусовое настроение	6399	https://cdn3.1800flowers.com/wcsstore/Flowers/images/catalog/191170xlx.jpg	t	Свежий букет в теплой солнечной гамме, напоминающей цитрусовые оттенки. Легкая и бодрая композиция для хорошего настроения.
446	Мед и счастье	11599	https://cdn1.1800flowers.com/wcsstore/Flowers/images/catalog/194468mbcv1ws9x.jpg	t	Теплый букет в мягкой летней палитре, который создает уютное и радостное впечатление. Хорошо подходит для душевного подарка.
447	Золотой нектар	11599	https://cdn2.1800flowers.com/wcsstore/Flowers/images/catalog/213299mbcv1ws9x.jpg	t	Жизнерадостная композиция с летним характером и яркими цветами. Букет выглядит легко, солнечно и очень приветливо.
448	Букет подсолнухов	9039	https://cdn2.1800flowers.com/wcsstore/Flowers/images/catalog/95044myfv1x.jpg	t	Солнечный букет с подсолнухами, который сразу наполняет пространство теплом. Яркий вариант для летнего подарка.
449	Волна любви	8399	https://cdn3.1800flowers.com/wcsstore/Flowers/images/catalog/194467mbcv1ws9x.jpg	t	Нежная романтичная композиция с мягкой цветовой палитрой. Подходит для признания, поздравления или теплого сюрприза.
450	Желтые розы	7999	https://cdn1.1800flowers.com/wcsstore/Flowers/images/catalog/213730myfv1x.jpg	t	Яркий букет из желтых роз с теплым и дружелюбным настроением. Хороший вариант для позитивного и солнечного подарка.
451	Лавандовое небо	7199	https://cdn2.1800flowers.com/wcsstore/Flowers/images/catalog/213396lx.jpg	t	Воздушная композиция в лавандовых оттенках с очень спокойным и нежным настроением. Смотрится легко и изящно.
452	Поля Европы	5599	https://cdn2.1800flowers.com/wcsstore/Flowers/images/catalog/191109xlx.jpg	t	Классический букет в стиле европейских лугов, собранный из свежих сезонных цветов. Живой, естественный и очень уютный.
453	Прибрежное очарование	6399	https://cdn2.1800flowers.com/wcsstore/Flowers/images/catalog/191771lx.jpg	t	Мягкая цветочная композиция в свежих прибрежных оттенках. Букет выглядит светло, спокойно и очень гармонично.
454	Летний медовый бриз	6399	https://cdn1.1800flowers.com/wcsstore/Flowers/images/catalog/213691lx.jpg	t	Летний букет с яркими теплыми акцентами и солнечным настроением. Отлично подходит для теплого сезона и радостного подарка.
455	Красные розы, полные любви	4863	https://cdn1.1800flowers.com/wcsstore/Flowers/images/catalog/192279schv2cn10x.jpg	t	Классический букет из красных роз для романтичного подарка. Сдержанная, выразительная и всегда уместная композиция.
456	Букет для мамы	6799	https://cdn2.1800flowers.com/wcsstore/Flowers/images/catalog/225287lpx.jpg	t	Нежная и праздничная композиция, созданная для теплого подарка маме. Выглядит заботливо, мягко и очень душевно.
457	Блаженство Дафны	7999	https://cdn1.1800flowers.com/wcsstore/Flowers/images/catalog/212968lx.jpg	t	Нежный авторский букет с мягкой палитрой и гармоничной формой. Смотрится изящно и подходит для красивого комплимента.
458	Поля Европы: Нежность	6399	https://cdn3.1800flowers.com/wcsstore/Flowers/images/catalog/191116dxx.jpg	t	Легкая и свежая композиция в стиле цветущих европейских полей. Передает ощущение естественности и спокойствия.
459	Поля Европы: Романтика	6399	https://cdn2.1800flowers.com/wcsstore/Flowers/images/catalog/191112xlx.jpg	t	Романтичный букет в природном стиле с нежными оттенками и мягкой фактурой. Хороший вариант для теплого подарка.
460	Цветущая любовь	7999	https://cdn1.1800flowers.com/wcsstore/Flowers/images/catalog/161132lx.jpg	t	Премиальный букет из красных роз с богатой и торжественной подачей. Подходит для признания и особого повода.
461	Идеальная пара	3999	https://cdn1.1800flowers.com/wcsstore/Flowers/images/catalog/177929bnx.jpg	t	Композиция с романтичным настроением и аккуратной цветочной подачей. Подойдет для подарка близкому человеку.
462	Полночная любовь	7999	https://cdn2.1800flowers.com/wcsstore/Flowers/images/catalog/213395lx.jpg	t	Глубокая и выразительная композиция с вечерним романтичным характером. Букет смотрится эффектно и атмосферно.
463	Просто розовый	6799	https://cdn1.1800flowers.com/wcsstore/Flowers/images/catalog/213357xlx.jpg	t	Нежный букет в розовой гамме без лишних деталей. Лаконичная и очень приятная композиция для теплого подарка.
464	Тихоокеанский бриз	7999	https://cdn2.1800flowers.com/wcsstore/Flowers/images/catalog/213397lx.jpg	t	Свежая композиция в прохладных морских оттенках с расслабленным и благородным настроением. Смотрится современно и легко.
\.


--
-- Data for Name: store_product_tags; Type: TABLE DATA; Schema: public; Owner: -
--

COPY public.store_product_tags (id, product_id, tag_id) FROM stdin;
1	405	266
2	405	267
3	405	268
4	405	269
5	405	270
6	405	271
7	405	272
8	406	266
9	406	267
10	406	269
11	406	273
12	406	274
13	406	275
14	406	276
15	406	277
16	407	266
17	407	267
18	407	273
19	407	278
20	407	279
21	407	280
22	407	281
23	408	266
24	408	267
25	408	270
26	408	277
27	408	279
28	408	282
29	409	266
30	409	267
31	409	277
32	409	278
33	409	279
34	409	281
35	410	266
36	410	267
37	410	269
38	410	270
39	410	277
40	410	283
41	410	284
42	411	266
43	411	267
44	411	269
45	411	271
46	411	273
47	411	280
48	411	285
49	412	266
50	412	267
51	412	272
52	412	279
53	412	281
54	412	286
55	413	266
56	413	267
57	413	269
58	413	273
59	413	280
60	413	281
61	413	287
62	414	266
63	414	267
64	414	273
65	414	278
66	414	279
67	414	281
68	414	287
69	415	288
70	415	289
71	415	266
72	415	267
73	415	273
74	415	274
75	415	280
76	416	290
77	416	266
78	416	267
79	416	273
80	416	274
81	416	279
82	416	285
83	417	266
84	417	267
85	417	272
86	417	279
87	417	280
88	417	281
89	418	291
90	418	266
91	418	267
92	418	269
93	418	273
94	418	274
95	418	285
96	419	288
97	419	289
98	419	292
99	419	266
100	419	267
101	419	273
102	419	280
103	420	293
104	420	294
105	420	266
106	420	267
107	420	269
108	420	270
109	420	272
110	421	295
111	421	296
112	421	266
113	421	267
114	421	270
115	421	279
116	422	297
117	422	266
118	422	267
119	422	270
120	422	279
121	422	282
122	423	266
123	423	267
124	423	298
125	423	270
126	423	272
127	423	279
128	424	266
129	424	267
130	424	300
131	424	299
132	424	279
133	424	281
134	425	266
135	425	298
136	425	267
137	425	279
138	425	281
139	425	286
140	426	266
141	426	267
142	426	301
143	426	302
144	426	279
145	426	281
146	427	266
147	427	267
148	427	299
149	427	272
150	427	279
151	427	281
152	428	266
153	428	267
154	428	270
155	428	272
156	428	278
157	428	279
158	429	266
159	429	267
160	429	269
161	429	270
162	429	271
163	429	273
164	429	285
165	430	266
166	430	267
167	430	303
168	430	304
169	430	275
170	430	278
171	430	281
172	431	266
173	431	267
174	431	303
175	431	304
176	431	275
177	431	278
178	431	285
179	432	266
180	432	267
181	432	303
182	432	304
183	432	275
184	432	281
185	433	266
186	433	267
187	433	303
188	433	304
189	433	281
190	433	285
191	434	266
192	434	267
193	434	303
194	434	304
195	434	305
196	435	266
197	435	267
198	435	269
199	435	273
200	435	280
201	435	281
202	435	287
203	436	266
204	436	267
205	436	270
206	436	271
207	436	277
208	436	279
209	437	266
210	437	267
211	437	269
212	437	270
213	437	271
214	437	273
215	437	280
216	438	288
217	438	292
218	438	266
219	438	267
220	438	273
221	438	285
222	439	266
223	439	267
224	439	270
225	439	277
226	439	279
227	439	282
228	439	287
229	440	292
230	440	266
231	440	267
232	440	306
233	440	279
234	440	282
235	440	287
236	441	266
237	441	267
238	441	279
239	441	280
240	441	281
241	441	282
242	441	285
243	442	292
244	442	297
245	442	266
246	442	267
247	442	279
248	442	282
249	443	266
250	443	267
251	443	279
252	443	280
253	443	281
254	443	282
255	443	287
256	444	292
257	444	266
258	444	267
259	444	279
260	444	282
261	444	285
262	445	294
263	445	266
264	445	299
265	445	267
266	445	270
267	445	279
268	446	294
269	446	266
270	446	267
271	446	307
272	446	279
273	446	281
274	447	292
275	447	294
276	447	266
277	447	267
278	447	270
279	447	279
280	448	293
281	448	294
282	448	266
283	448	267
284	448	269
285	448	270
286	448	272
287	449	291
288	449	266
289	449	267
290	449	273
291	449	274
292	449	279
293	449	280
294	450	294
295	450	266
296	450	267
297	450	269
298	450	270
299	450	273
300	450	285
301	451	266
302	451	267
303	451	301
304	451	302
305	451	279
306	451	281
307	452	266
308	452	267
309	452	270
310	452	272
311	452	279
312	452	286
313	453	266
314	453	267
315	453	300
316	453	299
317	453	279
318	453	281
319	454	266
320	454	267
321	454	272
322	454	307
323	454	279
324	454	281
325	455	291
326	455	266
327	455	267
328	455	269
329	455	273
330	455	274
331	455	280
332	456	266
333	456	267
334	456	308
335	456	277
336	456	279
337	456	281
338	456	287
339	457	266
340	457	267
341	457	279
342	457	280
343	457	281
344	457	282
345	458	266
346	458	267
347	458	279
348	458	281
349	458	286
350	458	287
351	459	266
352	459	267
353	459	279
354	459	280
355	459	281
356	459	286
357	460	291
358	460	266
359	460	267
360	460	279
361	460	280
362	460	281
363	460	287
364	461	266
365	461	267
366	461	309
367	461	279
368	461	280
369	461	281
370	462	291
371	462	292
372	462	266
373	462	267
374	462	274
375	462	279
376	462	280
377	463	266
378	463	267
379	463	269
380	463	281
381	463	285
382	463	287
383	464	266
384	464	267
385	464	300
386	464	299
387	464	279
388	464	281
\.


--
-- Data for Name: store_productimage; Type: TABLE DATA; Schema: public; Owner: -
--

COPY public.store_productimage (id, image_url, sort_order, product_id) FROM stdin;
1360	https://cdn3.1800flowers.com/wcsstore/Flowers/images/catalog/90618mtv4x.jpg	1	405
1361	https://cdn3.1800flowers.com/wcsstore/Flowers/images/catalog/90618_alt2x.jpg	2	405
1362	https://cdn3.1800flowers.com/wcsstore/Flowers/images/catalog/90618_alt1x.jpg	3	405
1364	https://cdn2.1800flowers.com/wcsstore/Flowers/images/catalog/140156mrdv4x.jpg	1	406
1365	https://cdn2.1800flowers.com/wcsstore/Flowers/images/catalog/140156_alt1x.jpg	2	406
1366	https://cdn2.1800flowers.com/wcsstore/Flowers/images/catalog/140156_alt2x.jpg	3	406
1367	https://cdn2.1800flowers.com/wcsstore/Flowers/images/catalog/140156_alt3x.jpg	4	406
1369	https://cdn1.1800flowers.com/wcsstore/Flowers/images/catalog/144754mpkcv2x.jpg	1	407
1370	https://cdn1.1800flowers.com/wcsstore/Flowers/images/catalog/144754_alt1x.jpg	2	407
1371	https://cdn1.1800flowers.com/wcsstore/Flowers/images/catalog/144754_alt2x.jpg	3	407
1372	https://cdn1.1800flowers.com/wcsstore/Flowers/images/catalog/144754_alt3x.jpg	4	407
1374	https://cdn2.1800flowers.com/wcsstore/Flowers/images/catalog/194582srdhv1x.jpg	1	408
1375	https://cdn2.1800flowers.com/wcsstore/Flowers/images/catalog/194582_alt1x.jpg	2	408
1376	https://cdn2.1800flowers.com/wcsstore/Flowers/images/catalog/194582_alt2x.jpg	3	408
1377	https://cdn2.1800flowers.com/wcsstore/Flowers/images/catalog/194582_alt3x.jpg	4	408
1378	https://cdn2.1800flowers.com/wcsstore/Flowers/images/catalog/203902_altx.jpg	5	408
1380	https://cdn1.1800flowers.com/wcsstore/Flowers/images/catalog/16878mx.jpg	1	409
1381	https://cdn1.1800flowers.com/wcsstore/Flowers/images/catalog/16878_alt1x.jpg	2	409
1382	https://cdn1.1800flowers.com/wcsstore/Flowers/images/catalog/16878_alt2x.jpg	3	409
1383	https://cdn1.1800flowers.com/wcsstore/Flowers/images/catalog/16878_alt3x.jpg	4	409
1385	https://cdn1.1800flowers.com/wcsstore/Flowers/images/catalog/103629mrdsv1x.jpg	1	410
1386	https://cdn1.1800flowers.com/wcsstore/Flowers/images/catalog/103629_alt1x.jpg	2	410
1387	https://cdn1.1800flowers.com/wcsstore/Flowers/images/catalog/103629_alt2x.jpg	3	410
1388	https://cdn1.1800flowers.com/wcsstore/Flowers/images/catalog/103629_alt3x.jpg	4	410
1390	https://cdn1.1800flowers.com/wcsstore/Flowers/images/catalog/90925mpuv5x.jpg	1	411
1391	https://cdn1.1800flowers.com/wcsstore/Flowers/images/catalog/90925_alt1x.jpg	2	411
1393	https://cdn3.1800flowers.com/wcsstore/Flowers/images/catalog/225410xlx.jpg	1	412
1394	https://cdn3.1800flowers.com/wcsstore/Flowers/images/catalog/225410_alt1x.jpg	2	412
1395	https://cdn3.1800flowers.com/wcsstore/Flowers/images/catalog/225410_alt2x.jpg	3	412
1396	https://cdn3.1800flowers.com/wcsstore/Flowers/images/catalog/100550mprsv2sc12x.jpg	1	413
1397	https://cdn3.1800flowers.com/wcsstore/Flowers/images/catalog/100550_alt1x.jpg	2	413
1398	https://cdn3.1800flowers.com/wcsstore/Flowers/images/catalog/100550_alt2x.jpg	3	413
1400	https://cdn3.1800flowers.com/wcsstore/Flowers/images/catalog/219520_altx.jpg	5	413
1401	https://cdn3.1800flowers.com/wcsstore/Flowers/images/catalog/100547spfv1x.jpg	1	414
1403	https://cdn3.1800flowers.com/wcsstore/Flowers/images/catalog/100547_alt1x.jpg	3	414
1404	https://cdn3.1800flowers.com/wcsstore/Flowers/images/catalog/100547_alt3x.jpg	4	414
1405	https://cdn3.1800flowers.com/wcsstore/Flowers/images/catalog/shades_of_pink_altviewx.jpg	5	414
1406	https://cdn2.1800flowers.com/wcsstore/Flowers/images/catalog/211705sx.jpg	1	415
1407	https://cdn2.1800flowers.com/wcsstore/Flowers/images/catalog/211705_alt1x.jpg	2	415
1408	https://cdn2.1800flowers.com/wcsstore/Flowers/images/catalog/211705_alt3x.jpg	3	415
1409	https://cdn2.1800flowers.com/wcsstore/Flowers/images/catalog/211705_alt4x.jpg	4	415
1410	https://cdn2.1800flowers.com/wcsstore/Flowers/images/catalog/211705_alt5x.jpg	5	415
1411	https://cdn2.1800flowers.com/wcsstore/Flowers/images/catalog/211705_alt7x.jpg	6	415
1412	https://cdn3.1800flowers.com/wcsstore/Flowers/images/catalog/92930srdv4x.jpg	1	416
1414	https://cdn3.1800flowers.com/wcsstore/Flowers/images/catalog/92930alt_viewx.jpg	3	416
1415	https://cdn3.1800flowers.com/wcsstore/Flowers/images/catalog/92930_alt2x.jpg	4	416
1416	https://cdn3.1800flowers.com/wcsstore/Flowers/images/catalog/92930_alt3x.jpg	5	416
1417	https://cdn3.1800flowers.com/wcsstore/Flowers/images/catalog/197728_altx.jpg	6	416
1418	https://cdn1.1800flowers.com/wcsstore/Flowers/images/catalog/213624spuv5x.jpg	1	417
1419	https://cdn1.1800flowers.com/wcsstore/Flowers/images/catalog/213624_alt1x.jpg	2	417
1421	https://cdn2.1800flowers.com/wcsstore/Flowers/images/catalog/90926mrdv4x.jpg	1	418
1422	https://cdn2.1800flowers.com/wcsstore/Flowers/images/catalog/90926_alt1x.jpg	2	418
1424	https://cdn2.1800flowers.com/wcsstore/Flowers/images/catalog/211706sx.jpg	1	419
1425	https://cdn2.1800flowers.com/wcsstore/Flowers/images/catalog/211706_alt1x.jpg	2	419
1426	https://cdn2.1800flowers.com/wcsstore/Flowers/images/catalog/211706_alt2x.jpg	3	419
1427	https://cdn2.1800flowers.com/wcsstore/Flowers/images/catalog/211706_alt4x.jpg	4	419
1428	https://cdn2.1800flowers.com/wcsstore/Flowers/images/catalog/213365swkv2x.jpg	1	420
1430	https://cdn2.1800flowers.com/wcsstore/Flowers/images/catalog/213365_alt1x.jpg	3	420
1431	https://cdn2.1800flowers.com/wcsstore/Flowers/images/catalog/213365_alt2x.jpg	4	420
1432	https://cdn2.1800flowers.com/wcsstore/Flowers/images/catalog/203507_altx.jpg	5	420
1433	https://cdn3.1800flowers.com/wcsstore/Flowers/images/catalog/212967lx.jpg	1	421
1434	https://cdn3.1800flowers.com/wcsstore/Flowers/images/catalog/212967_alt1x.jpg	2	421
1435	https://cdn3.1800flowers.com/wcsstore/Flowers/images/catalog/212967_alt2x.jpg	3	421
1436	https://cdn3.1800flowers.com/wcsstore/Flowers/images/catalog/212967_alt3x.jpg	4	421
1437	https://cdn3.1800flowers.com/wcsstore/Flowers/images/catalog/212967_drgx.jpg	5	421
1438	https://cdn2.1800flowers.com/wcsstore/Flowers/images/catalog/213557lx.jpg	1	422
1439	https://cdn2.1800flowers.com/wcsstore/Flowers/images/catalog/213557_alt1x.jpg	2	422
1440	https://cdn2.1800flowers.com/wcsstore/Flowers/images/catalog/213557_alt3x.jpg	3	422
1441	https://cdn2.1800flowers.com/wcsstore/Flowers/images/catalog/213557_drgx.jpg	4	422
1442	https://cdn3.1800flowers.com/wcsstore/Flowers/images/catalog/212962lx.jpg	1	423
1443	https://cdn3.1800flowers.com/wcsstore/Flowers/images/catalog/212962_alt1x.jpg	2	423
1444	https://cdn3.1800flowers.com/wcsstore/Flowers/images/catalog/212962_alt2x.jpg	3	423
1445	https://cdn3.1800flowers.com/wcsstore/Flowers/images/catalog/212962_alt3x.jpg	4	423
1446	https://cdn3.1800flowers.com/wcsstore/Flowers/images/catalog/212962_drgx.jpg	5	423
1447	https://cdn2.1800flowers.com/wcsstore/Flowers/images/catalog/191300lx.jpg	1	424
1448	https://cdn2.1800flowers.com/wcsstore/Flowers/images/catalog/191300alt_viewx.jpg	2	424
1449	https://cdn2.1800flowers.com/wcsstore/Flowers/images/catalog/191300_summer_altx.jpg	3	424
1450	https://cdn1.1800flowers.com/wcsstore/Flowers/images/catalog/225291lx.jpg	1	425
1451	https://cdn1.1800flowers.com/wcsstore/Flowers/images/catalog/225291_alt1x.jpg	2	425
1452	https://cdn1.1800flowers.com/wcsstore/Flowers/images/catalog/225291_alt3x.jpg	3	425
1453	https://cdn1.1800flowers.com/wcsstore/Flowers/images/catalog/225291_drgx.jpg	4	425
1454	https://cdn2.1800flowers.com/wcsstore/Flowers/images/catalog/160557spuv5x.jpg	1	426
1455	https://cdn2.1800flowers.com/wcsstore/Flowers/images/catalog/160557_alt1x.jpg	2	426
1456	https://cdn2.1800flowers.com/wcsstore/Flowers/images/catalog/160557_alt2x.jpg	3	426
1457	https://cdn2.1800flowers.com/wcsstore/Flowers/images/catalog/160557_alt3x.jpg	4	426
1459	https://cdn2.1800flowers.com/wcsstore/Flowers/images/catalog/191794_alt6x.jpg	6	426
1460	https://cdn2.1800flowers.com/wcsstore/Flowers/images/catalog/194867mvw1x.jpg	1	427
1461	https://cdn2.1800flowers.com/wcsstore/Flowers/images/catalog/194867alt_view1x.jpg	2	427
1462	https://cdn2.1800flowers.com/wcsstore/Flowers/images/catalog/203509_altx.jpg	3	427
1463	https://cdn2.1800flowers.com/wcsstore/Flowers/images/catalog/203507_altx.jpg	4	427
1465	https://cdn3.1800flowers.com/wcsstore/Flowers/images/catalog/92926swkv2x.jpg	1	428
1466	https://cdn3.1800flowers.com/wcsstore/Flowers/images/catalog/92926_alt1x.jpg	2	428
1467	https://cdn3.1800flowers.com/wcsstore/Flowers/images/catalog/92926_alt2x.jpg	3	428
1468	https://cdn3.1800flowers.com/wcsstore/Flowers/images/catalog/92926_alt3x.jpg	4	428
1470	https://cdn3.1800flowers.com/wcsstore/Flowers/images/catalog/90925sprhv1x.jpg	1	429
1471	https://cdn3.1800flowers.com/wcsstore/Flowers/images/catalog/90925_alt1x.jpg	2	429
1473	https://cdn3.1800flowers.com/wcsstore/Flowers/images/catalog/88537_altx.jpg	4	429
1474	https://cdn1.1800flowers.com/wcsstore/Flowers/images/catalog/160077mpkcv2x.jpg	1	430
1475	https://cdn1.1800flowers.com/wcsstore/Flowers/images/catalog/160077alt_viewx.jpg	2	430
1476	https://cdn1.1800flowers.com/wcsstore/Flowers/images/catalog/86353alt_viewx.jpg	3	430
1478	https://cdn1.1800flowers.com/wcsstore/Flowers/images/catalog/160075smbv2x.jpg	1	431
1479	https://cdn1.1800flowers.com/wcsstore/Flowers/images/catalog/160075_alt1x.jpg	2	431
1480	https://cdn1.1800flowers.com/wcsstore/Flowers/images/catalog/160075_alt2x.jpg	3	431
1481	https://cdn1.1800flowers.com/wcsstore/Flowers/images/catalog/160075_alt3x.jpg	4	431
1482	https://cdn1.1800flowers.com/wcsstore/Flowers/images/catalog/88703_altx.jpg	5	431
1483	https://cdn1.1800flowers.com/wcsstore/Flowers/images/catalog/83921_altx.jpg	6	431
1484	https://cdn1.1800flowers.com/wcsstore/Flowers/images/catalog/86353_altx.jpg	7	431
1486	https://cdn1.1800flowers.com/wcsstore/Flowers/images/catalog/203877_altx.jpg	9	431
1487	https://cdn1.1800flowers.com/wcsstore/Flowers/images/catalog/212963lx.jpg	1	432
1488	https://cdn1.1800flowers.com/wcsstore/Flowers/images/catalog/212963_alt1x.jpg	2	432
1489	https://cdn1.1800flowers.com/wcsstore/Flowers/images/catalog/212963_alt2x.jpg	3	432
1490	https://cdn1.1800flowers.com/wcsstore/Flowers/images/catalog/212963_alt3x.jpg	4	432
1491	https://cdn1.1800flowers.com/wcsstore/Flowers/images/catalog/212963_drgx.jpg	5	432
1492	https://cdn1.1800flowers.com/wcsstore/Flowers/images/catalog/191626lx.jpg	1	433
1493	https://cdn1.1800flowers.com/wcsstore/Flowers/images/catalog/191626alt_view1x.jpg	2	433
1494	https://cdn1.1800flowers.com/wcsstore/Flowers/images/catalog/191626alt_view2x.jpg	3	433
1495	https://cdn1.1800flowers.com/wcsstore/Flowers/images/catalog/191626alt_view3x.jpg	4	433
1499	https://cdn3.1800flowers.com/wcsstore/Flowers/images/catalog/104516mpfv1x.jpg	1	435
1500	https://cdn3.1800flowers.com/wcsstore/Flowers/images/catalog/104516_alt1x.jpg	2	435
1501	https://cdn3.1800flowers.com/wcsstore/Flowers/images/catalog/104516_alt2x.jpg	3	435
1503	https://cdn3.1800flowers.com/wcsstore/Flowers/images/catalog/shades_of_pink_altviewx.jpg	5	435
1504	https://cdn1.1800flowers.com/wcsstore/Flowers/images/catalog/191313xlx.jpg	1	436
1505	https://cdn1.1800flowers.com/wcsstore/Flowers/images/catalog/191313_alt4x.jpg	2	436
1506	https://cdn1.1800flowers.com/wcsstore/Flowers/images/catalog/191313_alt3x.jpg	3	436
1507	https://cdn1.1800flowers.com/wcsstore/Flowers/images/catalog/191313_alt1x.jpg	4	436
1508	https://cdn1.1800flowers.com/wcsstore/Flowers/images/catalog/191313_alt5x.jpg	5	436
1509	https://cdn2.1800flowers.com/wcsstore/Flowers/images/catalog/140157mpuv5x.jpg	1	437
1510	https://cdn2.1800flowers.com/wcsstore/Flowers/images/catalog/85602_hg_w2_windchime_purple_gemx.jpg	2	437
1511	https://cdn2.1800flowers.com/wcsstore/Flowers/images/catalog/140157_alt1x.jpg	3	437
1512	https://cdn2.1800flowers.com/wcsstore/Flowers/images/catalog/140157_alt2x.jpg	4	437
1513	https://cdn2.1800flowers.com/wcsstore/Flowers/images/catalog/140157_alt3x.jpg	5	437
1514	https://cdn2.1800flowers.com/wcsstore/Flowers/images/catalog/140157_alt4x.jpg	6	437
1516	https://cdn2.1800flowers.com/wcsstore/Flowers/images/catalog/156598xlrdx.jpg	1	438
1517	https://cdn2.1800flowers.com/wcsstore/Flowers/images/catalog/156390alt_view1x.jpg	2	438
1518	https://cdn2.1800flowers.com/wcsstore/Flowers/images/catalog/156623_alt3x.jpg	3	438
1519	https://cdn2.1800flowers.com/wcsstore/Flowers/images/catalog/156623_alt5x.jpg	4	438
1520	https://cdn1.1800flowers.com/wcsstore/Flowers/images/catalog/212099lx.jpg	1	439
1521	https://cdn1.1800flowers.com/wcsstore/Flowers/images/catalog/212099_alt1x.jpg	2	439
1522	https://cdn1.1800flowers.com/wcsstore/Flowers/images/catalog/212099_alt2x.jpg	3	439
1523	https://cdn1.1800flowers.com/wcsstore/Flowers/images/catalog/212099_alt3x.jpg	4	439
1524	https://cdn1.1800flowers.com/wcsstore/Flowers/images/catalog/212099_alt4x.jpg	5	439
1525	https://cdn1.1800flowers.com/wcsstore/Flowers/images/catalog/212099_alt5x.jpg	6	439
1526	https://cdn3.1800flowers.com/wcsstore/Flowers/images/catalog/212103lx.jpg	1	440
1527	https://cdn3.1800flowers.com/wcsstore/Flowers/images/catalog/212103_alt1x.jpg	2	440
1528	https://cdn3.1800flowers.com/wcsstore/Flowers/images/catalog/212103_alt2x.jpg	3	440
1529	https://cdn3.1800flowers.com/wcsstore/Flowers/images/catalog/212103_alt3x.jpg	4	440
1530	https://cdn3.1800flowers.com/wcsstore/Flowers/images/catalog/212103_alt4x.jpg	5	440
1531	https://cdn3.1800flowers.com/wcsstore/Flowers/images/catalog/212103_alt5x.jpg	6	440
1532	https://cdn3.1800flowers.com/wcsstore/Flowers/images/catalog/212101lx.jpg	1	441
1533	https://cdn3.1800flowers.com/wcsstore/Flowers/images/catalog/212101_alt1x.jpg	2	441
1534	https://cdn3.1800flowers.com/wcsstore/Flowers/images/catalog/212101_alt2x.jpg	3	441
1535	https://cdn3.1800flowers.com/wcsstore/Flowers/images/catalog/212101_alt3x.jpg	4	441
1536	https://cdn3.1800flowers.com/wcsstore/Flowers/images/catalog/212101_alt4x.jpg	5	441
1537	https://cdn3.1800flowers.com/wcsstore/Flowers/images/catalog/212101_alt5x.jpg	6	441
1538	https://cdn1.1800flowers.com/wcsstore/Flowers/images/catalog/212102lx.jpg	1	442
1539	https://cdn1.1800flowers.com/wcsstore/Flowers/images/catalog/212102_alt1x.jpg	2	442
1540	https://cdn1.1800flowers.com/wcsstore/Flowers/images/catalog/212102_alt2x.jpg	3	442
1541	https://cdn1.1800flowers.com/wcsstore/Flowers/images/catalog/212102_alt3x.jpg	4	442
1542	https://cdn1.1800flowers.com/wcsstore/Flowers/images/catalog/212102_alt4x.jpg	5	442
1543	https://cdn1.1800flowers.com/wcsstore/Flowers/images/catalog/212102_alt5x.jpg	6	442
1544	https://cdn3.1800flowers.com/wcsstore/Flowers/images/catalog/212100lx.jpg	1	443
1545	https://cdn3.1800flowers.com/wcsstore/Flowers/images/catalog/212100_alt1x.jpg	2	443
1546	https://cdn3.1800flowers.com/wcsstore/Flowers/images/catalog/212100_alt2x.jpg	3	443
1547	https://cdn3.1800flowers.com/wcsstore/Flowers/images/catalog/212100_alt3x.jpg	4	443
1548	https://cdn3.1800flowers.com/wcsstore/Flowers/images/catalog/212100_alt4x.jpg	5	443
1549	https://cdn3.1800flowers.com/wcsstore/Flowers/images/catalog/212100_alt5x.jpg	6	443
1550	https://cdn3.1800flowers.com/wcsstore/Flowers/images/catalog/212098lx.jpg	1	444
1551	https://cdn3.1800flowers.com/wcsstore/Flowers/images/catalog/212098_alt1x.jpg	2	444
1552	https://cdn3.1800flowers.com/wcsstore/Flowers/images/catalog/212098_alt2x.jpg	3	444
1553	https://cdn3.1800flowers.com/wcsstore/Flowers/images/catalog/212098_alt3x.jpg	4	444
1554	https://cdn3.1800flowers.com/wcsstore/Flowers/images/catalog/212098_alt4x.jpg	5	444
1555	https://cdn3.1800flowers.com/wcsstore/Flowers/images/catalog/212098_alt5x.jpg	6	444
1556	https://cdn3.1800flowers.com/wcsstore/Flowers/images/catalog/191170xlx.jpg	1	445
1557	https://cdn3.1800flowers.com/wcsstore/Flowers/images/catalog/191170_alt1x.jpg	2	445
1558	https://cdn3.1800flowers.com/wcsstore/Flowers/images/catalog/191170_alt3x.jpg	3	445
1559	https://cdn3.1800flowers.com/wcsstore/Flowers/images/catalog/191170_alt4x.jpg	4	445
1560	https://cdn3.1800flowers.com/wcsstore/Flowers/images/catalog/191170_alt5x.jpg	5	445
1561	https://cdn1.1800flowers.com/wcsstore/Flowers/images/catalog/194468mbcv1ws9x.jpg	1	446
1562	https://cdn1.1800flowers.com/wcsstore/Flowers/images/catalog/203511_alt1x.jpg	2	446
1563	https://cdn1.1800flowers.com/wcsstore/Flowers/images/catalog/203511_alt2x.jpg	3	446
1564	https://cdn1.1800flowers.com/wcsstore/Flowers/images/catalog/203512_altx.jpg	4	446
1565	https://cdn1.1800flowers.com/wcsstore/Flowers/images/catalog/188459alt_view1x.jpg	5	446
1567	https://cdn2.1800flowers.com/wcsstore/Flowers/images/catalog/213299mbcv1ws9x.jpg	1	447
1568	https://cdn2.1800flowers.com/wcsstore/Flowers/images/catalog/203511_alt1x.jpg	2	447
1569	https://cdn2.1800flowers.com/wcsstore/Flowers/images/catalog/203511_alt2x.jpg	3	447
1570	https://cdn2.1800flowers.com/wcsstore/Flowers/images/catalog/203512_altx.jpg	4	447
1571	https://cdn2.1800flowers.com/wcsstore/Flowers/images/catalog/188459alt_view1x.jpg	5	447
1573	https://cdn2.1800flowers.com/wcsstore/Flowers/images/catalog/core_lily_alt_viewx.jpg	7	447
1574	https://cdn2.1800flowers.com/wcsstore/Flowers/images/catalog/193050_alt1x.jpg	8	447
1575	https://cdn2.1800flowers.com/wcsstore/Flowers/images/catalog/95044_bud_mixedx.jpg	9	447
1576	https://cdn2.1800flowers.com/wcsstore/Flowers/images/catalog/95044myfv1x.jpg	1	448
1577	https://cdn2.1800flowers.com/wcsstore/Flowers/images/catalog/95044_bud_mixedx.jpg	2	448
1578	https://cdn2.1800flowers.com/wcsstore/Flowers/images/catalog/95044alt_viewx.jpg	3	448
1579	https://cdn2.1800flowers.com/wcsstore/Flowers/images/catalog/95044_alt2x.jpg	4	448
1581	https://cdn3.1800flowers.com/wcsstore/Flowers/images/catalog/194467mbcv1ws9x.jpg	1	449
1582	https://cdn3.1800flowers.com/wcsstore/Flowers/images/catalog/194467_alt2x.jpg	2	449
1583	https://cdn3.1800flowers.com/wcsstore/Flowers/images/catalog/203511_alt1x.jpg	3	449
1584	https://cdn3.1800flowers.com/wcsstore/Flowers/images/catalog/203511_alt2x.jpg	4	449
1585	https://cdn3.1800flowers.com/wcsstore/Flowers/images/catalog/203512_altx.jpg	5	449
1586	https://cdn3.1800flowers.com/wcsstore/Flowers/images/catalog/188459alt_view1x.jpg	6	449
1588	https://cdn1.1800flowers.com/wcsstore/Flowers/images/catalog/213730myfv1x.jpg	1	450
1589	https://cdn1.1800flowers.com/wcsstore/Flowers/images/catalog/104514_alt1x.jpg	2	450
1591	https://cdn1.1800flowers.com/wcsstore/Flowers/images/catalog/219520_altx.jpg	4	450
1592	https://cdn2.1800flowers.com/wcsstore/Flowers/images/catalog/213396lx.jpg	1	451
1593	https://cdn2.1800flowers.com/wcsstore/Flowers/images/catalog/213396_alt1x.jpg	2	451
1594	https://cdn2.1800flowers.com/wcsstore/Flowers/images/catalog/213396_alt3x.jpg	3	451
1595	https://cdn2.1800flowers.com/wcsstore/Flowers/images/catalog/191109xlx.jpg	1	452
1596	https://cdn2.1800flowers.com/wcsstore/Flowers/images/catalog/191109_alt1x.jpg	2	452
1597	https://cdn2.1800flowers.com/wcsstore/Flowers/images/catalog/191109_alt2x.jpg	3	452
1598	https://cdn2.1800flowers.com/wcsstore/Flowers/images/catalog/191109_alt3x.jpg	4	452
1599	https://cdn2.1800flowers.com/wcsstore/Flowers/images/catalog/191771lx.jpg	1	453
1600	https://cdn2.1800flowers.com/wcsstore/Flowers/images/catalog/191771_alt1x.jpg	2	453
1601	https://cdn2.1800flowers.com/wcsstore/Flowers/images/catalog/191771_alt2x.jpg	3	453
1602	https://cdn2.1800flowers.com/wcsstore/Flowers/images/catalog/191771_alt3x.jpg	4	453
1603	https://cdn2.1800flowers.com/wcsstore/Flowers/images/catalog/191771_alt4x.jpg	5	453
1604	https://cdn1.1800flowers.com/wcsstore/Flowers/images/catalog/213691lx.jpg	1	454
1605	https://cdn1.1800flowers.com/wcsstore/Flowers/images/catalog/213691_alt1x.jpg	2	454
1606	https://cdn1.1800flowers.com/wcsstore/Flowers/images/catalog/213691_alt3x.jpg	3	454
1607	https://cdn1.1800flowers.com/wcsstore/Flowers/images/catalog/213691_drgx.jpg	4	454
1608	https://cdn1.1800flowers.com/wcsstore/Flowers/images/catalog/192279schv2cn10x.jpg	1	455
1609	https://cdn1.1800flowers.com/wcsstore/Flowers/images/catalog/91739alt_view1x.jpg	2	455
1610	https://cdn1.1800flowers.com/wcsstore/Flowers/images/catalog/219310_altx.jpg	3	455
1611	https://cdn1.1800flowers.com/wcsstore/Flowers/images/catalog/90926_alt1x.jpg	4	455
1612	https://cdn1.1800flowers.com/wcsstore/Flowers/images/catalog/red_roses_alt_viewx.jpg	5	455
1614	https://cdn2.1800flowers.com/wcsstore/Flowers/images/catalog/225287lpx.jpg	1	456
1615	https://cdn2.1800flowers.com/wcsstore/Flowers/images/catalog/191879_alt1x.jpg	2	456
1616	https://cdn2.1800flowers.com/wcsstore/Flowers/images/catalog/191879_alt2x.jpg	3	456
1617	https://cdn2.1800flowers.com/wcsstore/Flowers/images/catalog/211598_altx.jpg	4	456
1618	https://cdn1.1800flowers.com/wcsstore/Flowers/images/catalog/212968lx.jpg	1	457
1619	https://cdn1.1800flowers.com/wcsstore/Flowers/images/catalog/212968_alt1x.jpg	2	457
1620	https://cdn1.1800flowers.com/wcsstore/Flowers/images/catalog/212968_alt2x.jpg	3	457
1621	https://cdn1.1800flowers.com/wcsstore/Flowers/images/catalog/212968_alt3x.jpg	4	457
1622	https://cdn1.1800flowers.com/wcsstore/Flowers/images/catalog/212968_drgx.jpg	5	457
1623	https://cdn3.1800flowers.com/wcsstore/Flowers/images/catalog/191116dxx.jpg	1	458
1624	https://cdn3.1800flowers.com/wcsstore/Flowers/images/catalog/191116_alt1x.jpg	2	458
1625	https://cdn3.1800flowers.com/wcsstore/Flowers/images/catalog/191116_alt2x.jpg	3	458
1626	https://cdn2.1800flowers.com/wcsstore/Flowers/images/catalog/191112xlx.jpg	1	459
1627	https://cdn2.1800flowers.com/wcsstore/Flowers/images/catalog/191112_alt3x.jpg	2	459
1628	https://cdn2.1800flowers.com/wcsstore/Flowers/images/catalog/191112_alt2x.jpg	3	459
1629	https://cdn2.1800flowers.com/wcsstore/Flowers/images/catalog/191112_alt1x.jpg	4	459
1630	https://cdn2.1800flowers.com/wcsstore/Flowers/images/catalog/191112_alt5x.jpg	5	459
1631	https://cdn1.1800flowers.com/wcsstore/Flowers/images/catalog/161132lx.jpg	1	460
1632	https://cdn1.1800flowers.com/wcsstore/Flowers/images/catalog/161132_alt3x.jpg	2	460
1633	https://cdn1.1800flowers.com/wcsstore/Flowers/images/catalog/161132_alt1x.jpg	3	460
1634	https://cdn1.1800flowers.com/wcsstore/Flowers/images/catalog/155248x.jpg	4	460
1635	https://cdn1.1800flowers.com/wcsstore/Flowers/images/catalog/177929bnx.jpg	1	461
1636	https://cdn1.1800flowers.com/wcsstore/Flowers/images/catalog/177929_alt1x.jpg	2	461
1637	https://cdn1.1800flowers.com/wcsstore/Flowers/images/catalog/177929_alt2x.jpg	3	461
1638	https://cdn1.1800flowers.com/wcsstore/Flowers/images/catalog/177929_alt4x.jpg	4	461
1639	https://cdn2.1800flowers.com/wcsstore/Flowers/images/catalog/213395lx.jpg	1	462
1640	https://cdn2.1800flowers.com/wcsstore/Flowers/images/catalog/213395_alt1x.jpg	2	462
1641	https://cdn2.1800flowers.com/wcsstore/Flowers/images/catalog/213395_alt3x.jpg	3	462
1642	https://cdn1.1800flowers.com/wcsstore/Flowers/images/catalog/213357xlx.jpg	1	463
1643	https://cdn1.1800flowers.com/wcsstore/Flowers/images/catalog/213357_alt3x.jpg	2	463
1644	https://cdn1.1800flowers.com/wcsstore/Flowers/images/catalog/213354_drgx.jpg	3	463
1645	https://cdn2.1800flowers.com/wcsstore/Flowers/images/catalog/213397lx.jpg	1	464
1646	https://cdn2.1800flowers.com/wcsstore/Flowers/images/catalog/213397_alt1x.jpg	2	464
1647	https://cdn2.1800flowers.com/wcsstore/Flowers/images/catalog/213397_alt3x.jpg	3	464
1648	https://cdn2.1800flowers.com/wcsstore/Flowers/images/catalog/213397lb_alt5x.jpg	4	464
1844	https://cdn1.1800flowers.com/wcsstore/Flowers/images/catalog/191629xlx.jpg	1	434
1845	https://cdn1.1800flowers.com/wcsstore/Flowers/images/catalog/191629alt_view2x.jpg	2	434
1846	https://cdn1.1800flowers.com/wcsstore/Flowers/images/catalog/191629alt_view1x.jpg	3	434
\.


--
-- Data for Name: store_profile; Type: TABLE DATA; Schema: public; Owner: -
--

COPY public.store_profile (id, first_name, last_name, phone, address, user_id) FROM stdin;
1	Ivan	Petrov	+79990001122	Moscow	11
2	Влад	Малов			12
3	Влад	Малов	+7 (908) 967-7832	г. Уссурийск	9
\.


--
-- Data for Name: store_tag; Type: TABLE DATA; Schema: public; Owner: -
--

COPY public.store_tag (id, name) FROM stdin;
263	букет
264	цветы
265	галерея
266	букеты
267	свежие цветы
268	герберы
269	монобукет
270	яркий букет
271	разноцветный
272	летний букет
273	розы
274	красные
275	белые
276	синие
277	праздник
278	лилии
279	сборный букет
280	романтика
281	нежный букет
282	авторский букет
283	тюльпаны
284	весенний букет
285	классика
286	полевой стиль
287	розовые
288	стабилизированные розы
289	в форме сердца
290	каллы
291	любовь
292	роскошный букет
293	подсолнухи
294	желтые
295	композиция
296	интерьерная флористика
297	премиальная флористика
298	садовый стиль
299	свежий стиль
300	морская палитра
301	сиреневые
302	лавандовая палитра
303	соболезнования
304	ритуальная флористика
305	корзина
306	гламур
307	теплая палитра
308	для мамы
309	подарок
310	авторский
311	микс
312	нежный
313	пионы
314	пышный
315	яркий
316	лето
317	солнце
318	орхидея
319	элегантный
320	премиальный
321	изящный
322	теплый
323	осень
324	уютный
325	объемный
326	коробка
327	стильный
328	синий
329	современный
330	оригинальный
331	светлый
332	воздушный
\.


--
-- Name: auth_group_id_seq; Type: SEQUENCE SET; Schema: public; Owner: -
--

SELECT pg_catalog.setval('public.auth_group_id_seq', 1, false);


--
-- Name: auth_group_permissions_id_seq; Type: SEQUENCE SET; Schema: public; Owner: -
--

SELECT pg_catalog.setval('public.auth_group_permissions_id_seq', 1, false);


--
-- Name: auth_permission_id_seq; Type: SEQUENCE SET; Schema: public; Owner: -
--

SELECT pg_catalog.setval('public.auth_permission_id_seq', 52, true);


--
-- Name: auth_user_groups_id_seq; Type: SEQUENCE SET; Schema: public; Owner: -
--

SELECT pg_catalog.setval('public.auth_user_groups_id_seq', 1, false);


--
-- Name: auth_user_id_seq; Type: SEQUENCE SET; Schema: public; Owner: -
--

SELECT pg_catalog.setval('public.auth_user_id_seq', 12, true);


--
-- Name: auth_user_user_permissions_id_seq; Type: SEQUENCE SET; Schema: public; Owner: -
--

SELECT pg_catalog.setval('public.auth_user_user_permissions_id_seq', 1, false);


--
-- Name: django_admin_log_id_seq; Type: SEQUENCE SET; Schema: public; Owner: -
--

SELECT pg_catalog.setval('public.django_admin_log_id_seq', 58, true);


--
-- Name: django_content_type_id_seq; Type: SEQUENCE SET; Schema: public; Owner: -
--

SELECT pg_catalog.setval('public.django_content_type_id_seq', 13, true);


--
-- Name: django_migrations_id_seq; Type: SEQUENCE SET; Schema: public; Owner: -
--

SELECT pg_catalog.setval('public.django_migrations_id_seq', 25, true);


--
-- Name: store_cartitem_id_seq; Type: SEQUENCE SET; Schema: public; Owner: -
--

SELECT pg_catalog.setval('public.store_cartitem_id_seq', 20, true);


--
-- Name: store_order_id_seq; Type: SEQUENCE SET; Schema: public; Owner: -
--

SELECT pg_catalog.setval('public.store_order_id_seq', 5, true);


--
-- Name: store_orderitem_id_seq; Type: SEQUENCE SET; Schema: public; Owner: -
--

SELECT pg_catalog.setval('public.store_orderitem_id_seq', 7, true);


--
-- Name: store_product_id_seq; Type: SEQUENCE SET; Schema: public; Owner: -
--

SELECT pg_catalog.setval('public.store_product_id_seq', 464, true);


--
-- Name: store_product_tags_id_seq; Type: SEQUENCE SET; Schema: public; Owner: -
--

SELECT pg_catalog.setval('public.store_product_tags_id_seq', 388, true);


--
-- Name: store_productimage_id_seq; Type: SEQUENCE SET; Schema: public; Owner: -
--

SELECT pg_catalog.setval('public.store_productimage_id_seq', 1846, true);


--
-- Name: store_profile_id_seq; Type: SEQUENCE SET; Schema: public; Owner: -
--

SELECT pg_catalog.setval('public.store_profile_id_seq', 3, true);


--
-- Name: store_tag_id_seq; Type: SEQUENCE SET; Schema: public; Owner: -
--

SELECT pg_catalog.setval('public.store_tag_id_seq', 332, true);


--
-- Name: auth_group auth_group_name_key; Type: CONSTRAINT; Schema: public; Owner: -
--

ALTER TABLE ONLY public.auth_group
    ADD CONSTRAINT auth_group_name_key UNIQUE (name);


--
-- Name: auth_group_permissions auth_group_permissions_group_id_permission_id_0cd325b0_uniq; Type: CONSTRAINT; Schema: public; Owner: -
--

ALTER TABLE ONLY public.auth_group_permissions
    ADD CONSTRAINT auth_group_permissions_group_id_permission_id_0cd325b0_uniq UNIQUE (group_id, permission_id);


--
-- Name: auth_group_permissions auth_group_permissions_pkey; Type: CONSTRAINT; Schema: public; Owner: -
--

ALTER TABLE ONLY public.auth_group_permissions
    ADD CONSTRAINT auth_group_permissions_pkey PRIMARY KEY (id);


--
-- Name: auth_group auth_group_pkey; Type: CONSTRAINT; Schema: public; Owner: -
--

ALTER TABLE ONLY public.auth_group
    ADD CONSTRAINT auth_group_pkey PRIMARY KEY (id);


--
-- Name: auth_permission auth_permission_content_type_id_codename_01ab375a_uniq; Type: CONSTRAINT; Schema: public; Owner: -
--

ALTER TABLE ONLY public.auth_permission
    ADD CONSTRAINT auth_permission_content_type_id_codename_01ab375a_uniq UNIQUE (content_type_id, codename);


--
-- Name: auth_permission auth_permission_pkey; Type: CONSTRAINT; Schema: public; Owner: -
--

ALTER TABLE ONLY public.auth_permission
    ADD CONSTRAINT auth_permission_pkey PRIMARY KEY (id);


--
-- Name: auth_user_groups auth_user_groups_pkey; Type: CONSTRAINT; Schema: public; Owner: -
--

ALTER TABLE ONLY public.auth_user_groups
    ADD CONSTRAINT auth_user_groups_pkey PRIMARY KEY (id);


--
-- Name: auth_user_groups auth_user_groups_user_id_group_id_94350c0c_uniq; Type: CONSTRAINT; Schema: public; Owner: -
--

ALTER TABLE ONLY public.auth_user_groups
    ADD CONSTRAINT auth_user_groups_user_id_group_id_94350c0c_uniq UNIQUE (user_id, group_id);


--
-- Name: auth_user auth_user_pkey; Type: CONSTRAINT; Schema: public; Owner: -
--

ALTER TABLE ONLY public.auth_user
    ADD CONSTRAINT auth_user_pkey PRIMARY KEY (id);


--
-- Name: auth_user_user_permissions auth_user_user_permissions_pkey; Type: CONSTRAINT; Schema: public; Owner: -
--

ALTER TABLE ONLY public.auth_user_user_permissions
    ADD CONSTRAINT auth_user_user_permissions_pkey PRIMARY KEY (id);


--
-- Name: auth_user_user_permissions auth_user_user_permissions_user_id_permission_id_14a6b632_uniq; Type: CONSTRAINT; Schema: public; Owner: -
--

ALTER TABLE ONLY public.auth_user_user_permissions
    ADD CONSTRAINT auth_user_user_permissions_user_id_permission_id_14a6b632_uniq UNIQUE (user_id, permission_id);


--
-- Name: auth_user auth_user_username_key; Type: CONSTRAINT; Schema: public; Owner: -
--

ALTER TABLE ONLY public.auth_user
    ADD CONSTRAINT auth_user_username_key UNIQUE (username);


--
-- Name: django_admin_log django_admin_log_pkey; Type: CONSTRAINT; Schema: public; Owner: -
--

ALTER TABLE ONLY public.django_admin_log
    ADD CONSTRAINT django_admin_log_pkey PRIMARY KEY (id);


--
-- Name: django_content_type django_content_type_app_label_model_76bd3d3b_uniq; Type: CONSTRAINT; Schema: public; Owner: -
--

ALTER TABLE ONLY public.django_content_type
    ADD CONSTRAINT django_content_type_app_label_model_76bd3d3b_uniq UNIQUE (app_label, model);


--
-- Name: django_content_type django_content_type_pkey; Type: CONSTRAINT; Schema: public; Owner: -
--

ALTER TABLE ONLY public.django_content_type
    ADD CONSTRAINT django_content_type_pkey PRIMARY KEY (id);


--
-- Name: django_migrations django_migrations_pkey; Type: CONSTRAINT; Schema: public; Owner: -
--

ALTER TABLE ONLY public.django_migrations
    ADD CONSTRAINT django_migrations_pkey PRIMARY KEY (id);


--
-- Name: django_session django_session_pkey; Type: CONSTRAINT; Schema: public; Owner: -
--

ALTER TABLE ONLY public.django_session
    ADD CONSTRAINT django_session_pkey PRIMARY KEY (session_key);


--
-- Name: store_cartitem store_cartitem_pkey; Type: CONSTRAINT; Schema: public; Owner: -
--

ALTER TABLE ONLY public.store_cartitem
    ADD CONSTRAINT store_cartitem_pkey PRIMARY KEY (id);


--
-- Name: store_cartitem store_cartitem_user_id_product_id_82818e41_uniq; Type: CONSTRAINT; Schema: public; Owner: -
--

ALTER TABLE ONLY public.store_cartitem
    ADD CONSTRAINT store_cartitem_user_id_product_id_82818e41_uniq UNIQUE (user_id, product_id);


--
-- Name: store_order store_order_pkey; Type: CONSTRAINT; Schema: public; Owner: -
--

ALTER TABLE ONLY public.store_order
    ADD CONSTRAINT store_order_pkey PRIMARY KEY (id);


--
-- Name: store_orderitem store_orderitem_pkey; Type: CONSTRAINT; Schema: public; Owner: -
--

ALTER TABLE ONLY public.store_orderitem
    ADD CONSTRAINT store_orderitem_pkey PRIMARY KEY (id);


--
-- Name: store_product store_product_pkey; Type: CONSTRAINT; Schema: public; Owner: -
--

ALTER TABLE ONLY public.store_product
    ADD CONSTRAINT store_product_pkey PRIMARY KEY (id);


--
-- Name: store_product_tags store_product_tags_pkey; Type: CONSTRAINT; Schema: public; Owner: -
--

ALTER TABLE ONLY public.store_product_tags
    ADD CONSTRAINT store_product_tags_pkey PRIMARY KEY (id);


--
-- Name: store_product_tags store_product_tags_product_id_tag_id_ebf36e5a_uniq; Type: CONSTRAINT; Schema: public; Owner: -
--

ALTER TABLE ONLY public.store_product_tags
    ADD CONSTRAINT store_product_tags_product_id_tag_id_ebf36e5a_uniq UNIQUE (product_id, tag_id);


--
-- Name: store_productimage store_productimage_pkey; Type: CONSTRAINT; Schema: public; Owner: -
--

ALTER TABLE ONLY public.store_productimage
    ADD CONSTRAINT store_productimage_pkey PRIMARY KEY (id);


--
-- Name: store_profile store_profile_pkey; Type: CONSTRAINT; Schema: public; Owner: -
--

ALTER TABLE ONLY public.store_profile
    ADD CONSTRAINT store_profile_pkey PRIMARY KEY (id);


--
-- Name: store_profile store_profile_user_id_key; Type: CONSTRAINT; Schema: public; Owner: -
--

ALTER TABLE ONLY public.store_profile
    ADD CONSTRAINT store_profile_user_id_key UNIQUE (user_id);


--
-- Name: store_tag store_tag_name_key; Type: CONSTRAINT; Schema: public; Owner: -
--

ALTER TABLE ONLY public.store_tag
    ADD CONSTRAINT store_tag_name_key UNIQUE (name);


--
-- Name: store_tag store_tag_pkey; Type: CONSTRAINT; Schema: public; Owner: -
--

ALTER TABLE ONLY public.store_tag
    ADD CONSTRAINT store_tag_pkey PRIMARY KEY (id);


--
-- Name: auth_group_name_a6ea08ec_like; Type: INDEX; Schema: public; Owner: -
--

CREATE INDEX auth_group_name_a6ea08ec_like ON public.auth_group USING btree (name varchar_pattern_ops);


--
-- Name: auth_group_permissions_group_id_b120cbf9; Type: INDEX; Schema: public; Owner: -
--

CREATE INDEX auth_group_permissions_group_id_b120cbf9 ON public.auth_group_permissions USING btree (group_id);


--
-- Name: auth_group_permissions_permission_id_84c5c92e; Type: INDEX; Schema: public; Owner: -
--

CREATE INDEX auth_group_permissions_permission_id_84c5c92e ON public.auth_group_permissions USING btree (permission_id);


--
-- Name: auth_permission_content_type_id_2f476e4b; Type: INDEX; Schema: public; Owner: -
--

CREATE INDEX auth_permission_content_type_id_2f476e4b ON public.auth_permission USING btree (content_type_id);


--
-- Name: auth_user_groups_group_id_97559544; Type: INDEX; Schema: public; Owner: -
--

CREATE INDEX auth_user_groups_group_id_97559544 ON public.auth_user_groups USING btree (group_id);


--
-- Name: auth_user_groups_user_id_6a12ed8b; Type: INDEX; Schema: public; Owner: -
--

CREATE INDEX auth_user_groups_user_id_6a12ed8b ON public.auth_user_groups USING btree (user_id);


--
-- Name: auth_user_user_permissions_permission_id_1fbb5f2c; Type: INDEX; Schema: public; Owner: -
--

CREATE INDEX auth_user_user_permissions_permission_id_1fbb5f2c ON public.auth_user_user_permissions USING btree (permission_id);


--
-- Name: auth_user_user_permissions_user_id_a95ead1b; Type: INDEX; Schema: public; Owner: -
--

CREATE INDEX auth_user_user_permissions_user_id_a95ead1b ON public.auth_user_user_permissions USING btree (user_id);


--
-- Name: auth_user_username_6821ab7c_like; Type: INDEX; Schema: public; Owner: -
--

CREATE INDEX auth_user_username_6821ab7c_like ON public.auth_user USING btree (username varchar_pattern_ops);


--
-- Name: django_admin_log_content_type_id_c4bce8eb; Type: INDEX; Schema: public; Owner: -
--

CREATE INDEX django_admin_log_content_type_id_c4bce8eb ON public.django_admin_log USING btree (content_type_id);


--
-- Name: django_admin_log_user_id_c564eba6; Type: INDEX; Schema: public; Owner: -
--

CREATE INDEX django_admin_log_user_id_c564eba6 ON public.django_admin_log USING btree (user_id);


--
-- Name: django_session_expire_date_a5c62663; Type: INDEX; Schema: public; Owner: -
--

CREATE INDEX django_session_expire_date_a5c62663 ON public.django_session USING btree (expire_date);


--
-- Name: django_session_session_key_c0390e0f_like; Type: INDEX; Schema: public; Owner: -
--

CREATE INDEX django_session_session_key_c0390e0f_like ON public.django_session USING btree (session_key varchar_pattern_ops);


--
-- Name: store_cartitem_product_id_4238d443; Type: INDEX; Schema: public; Owner: -
--

CREATE INDEX store_cartitem_product_id_4238d443 ON public.store_cartitem USING btree (product_id);


--
-- Name: store_cartitem_user_id_3ff2f2b5; Type: INDEX; Schema: public; Owner: -
--

CREATE INDEX store_cartitem_user_id_3ff2f2b5 ON public.store_cartitem USING btree (user_id);


--
-- Name: store_order_user_id_ae5f7a5f; Type: INDEX; Schema: public; Owner: -
--

CREATE INDEX store_order_user_id_ae5f7a5f ON public.store_order USING btree (user_id);


--
-- Name: store_orderitem_order_id_acf8722d; Type: INDEX; Schema: public; Owner: -
--

CREATE INDEX store_orderitem_order_id_acf8722d ON public.store_orderitem USING btree (order_id);


--
-- Name: store_product_tags_product_id_8d6522f8; Type: INDEX; Schema: public; Owner: -
--

CREATE INDEX store_product_tags_product_id_8d6522f8 ON public.store_product_tags USING btree (product_id);


--
-- Name: store_product_tags_tag_id_31f10719; Type: INDEX; Schema: public; Owner: -
--

CREATE INDEX store_product_tags_tag_id_31f10719 ON public.store_product_tags USING btree (tag_id);


--
-- Name: store_productimage_product_id_e50e4046; Type: INDEX; Schema: public; Owner: -
--

CREATE INDEX store_productimage_product_id_e50e4046 ON public.store_productimage USING btree (product_id);


--
-- Name: store_tag_name_5c1b02f9_like; Type: INDEX; Schema: public; Owner: -
--

CREATE INDEX store_tag_name_5c1b02f9_like ON public.store_tag USING btree (name varchar_pattern_ops);


--
-- Name: auth_group_permissions auth_group_permissio_permission_id_84c5c92e_fk_auth_perm; Type: FK CONSTRAINT; Schema: public; Owner: -
--

ALTER TABLE ONLY public.auth_group_permissions
    ADD CONSTRAINT auth_group_permissio_permission_id_84c5c92e_fk_auth_perm FOREIGN KEY (permission_id) REFERENCES public.auth_permission(id) DEFERRABLE INITIALLY DEFERRED;


--
-- Name: auth_group_permissions auth_group_permissions_group_id_b120cbf9_fk_auth_group_id; Type: FK CONSTRAINT; Schema: public; Owner: -
--

ALTER TABLE ONLY public.auth_group_permissions
    ADD CONSTRAINT auth_group_permissions_group_id_b120cbf9_fk_auth_group_id FOREIGN KEY (group_id) REFERENCES public.auth_group(id) DEFERRABLE INITIALLY DEFERRED;


--
-- Name: auth_permission auth_permission_content_type_id_2f476e4b_fk_django_co; Type: FK CONSTRAINT; Schema: public; Owner: -
--

ALTER TABLE ONLY public.auth_permission
    ADD CONSTRAINT auth_permission_content_type_id_2f476e4b_fk_django_co FOREIGN KEY (content_type_id) REFERENCES public.django_content_type(id) DEFERRABLE INITIALLY DEFERRED;


--
-- Name: auth_user_groups auth_user_groups_group_id_97559544_fk_auth_group_id; Type: FK CONSTRAINT; Schema: public; Owner: -
--

ALTER TABLE ONLY public.auth_user_groups
    ADD CONSTRAINT auth_user_groups_group_id_97559544_fk_auth_group_id FOREIGN KEY (group_id) REFERENCES public.auth_group(id) DEFERRABLE INITIALLY DEFERRED;


--
-- Name: auth_user_groups auth_user_groups_user_id_6a12ed8b_fk_auth_user_id; Type: FK CONSTRAINT; Schema: public; Owner: -
--

ALTER TABLE ONLY public.auth_user_groups
    ADD CONSTRAINT auth_user_groups_user_id_6a12ed8b_fk_auth_user_id FOREIGN KEY (user_id) REFERENCES public.auth_user(id) DEFERRABLE INITIALLY DEFERRED;


--
-- Name: auth_user_user_permissions auth_user_user_permi_permission_id_1fbb5f2c_fk_auth_perm; Type: FK CONSTRAINT; Schema: public; Owner: -
--

ALTER TABLE ONLY public.auth_user_user_permissions
    ADD CONSTRAINT auth_user_user_permi_permission_id_1fbb5f2c_fk_auth_perm FOREIGN KEY (permission_id) REFERENCES public.auth_permission(id) DEFERRABLE INITIALLY DEFERRED;


--
-- Name: auth_user_user_permissions auth_user_user_permissions_user_id_a95ead1b_fk_auth_user_id; Type: FK CONSTRAINT; Schema: public; Owner: -
--

ALTER TABLE ONLY public.auth_user_user_permissions
    ADD CONSTRAINT auth_user_user_permissions_user_id_a95ead1b_fk_auth_user_id FOREIGN KEY (user_id) REFERENCES public.auth_user(id) DEFERRABLE INITIALLY DEFERRED;


--
-- Name: django_admin_log django_admin_log_content_type_id_c4bce8eb_fk_django_co; Type: FK CONSTRAINT; Schema: public; Owner: -
--

ALTER TABLE ONLY public.django_admin_log
    ADD CONSTRAINT django_admin_log_content_type_id_c4bce8eb_fk_django_co FOREIGN KEY (content_type_id) REFERENCES public.django_content_type(id) DEFERRABLE INITIALLY DEFERRED;


--
-- Name: django_admin_log django_admin_log_user_id_c564eba6_fk_auth_user_id; Type: FK CONSTRAINT; Schema: public; Owner: -
--

ALTER TABLE ONLY public.django_admin_log
    ADD CONSTRAINT django_admin_log_user_id_c564eba6_fk_auth_user_id FOREIGN KEY (user_id) REFERENCES public.auth_user(id) DEFERRABLE INITIALLY DEFERRED;


--
-- Name: store_cartitem store_cartitem_product_id_4238d443_fk_store_product_id; Type: FK CONSTRAINT; Schema: public; Owner: -
--

ALTER TABLE ONLY public.store_cartitem
    ADD CONSTRAINT store_cartitem_product_id_4238d443_fk_store_product_id FOREIGN KEY (product_id) REFERENCES public.store_product(id) DEFERRABLE INITIALLY DEFERRED;


--
-- Name: store_cartitem store_cartitem_user_id_3ff2f2b5_fk_auth_user_id; Type: FK CONSTRAINT; Schema: public; Owner: -
--

ALTER TABLE ONLY public.store_cartitem
    ADD CONSTRAINT store_cartitem_user_id_3ff2f2b5_fk_auth_user_id FOREIGN KEY (user_id) REFERENCES public.auth_user(id) DEFERRABLE INITIALLY DEFERRED;


--
-- Name: store_order store_order_user_id_ae5f7a5f_fk_auth_user_id; Type: FK CONSTRAINT; Schema: public; Owner: -
--

ALTER TABLE ONLY public.store_order
    ADD CONSTRAINT store_order_user_id_ae5f7a5f_fk_auth_user_id FOREIGN KEY (user_id) REFERENCES public.auth_user(id) DEFERRABLE INITIALLY DEFERRED;


--
-- Name: store_orderitem store_orderitem_order_id_acf8722d_fk_store_order_id; Type: FK CONSTRAINT; Schema: public; Owner: -
--

ALTER TABLE ONLY public.store_orderitem
    ADD CONSTRAINT store_orderitem_order_id_acf8722d_fk_store_order_id FOREIGN KEY (order_id) REFERENCES public.store_order(id) DEFERRABLE INITIALLY DEFERRED;


--
-- Name: store_product_tags store_product_tags_product_id_8d6522f8_fk_store_product_id; Type: FK CONSTRAINT; Schema: public; Owner: -
--

ALTER TABLE ONLY public.store_product_tags
    ADD CONSTRAINT store_product_tags_product_id_8d6522f8_fk_store_product_id FOREIGN KEY (product_id) REFERENCES public.store_product(id) DEFERRABLE INITIALLY DEFERRED;


--
-- Name: store_product_tags store_product_tags_tag_id_31f10719_fk_store_tag_id; Type: FK CONSTRAINT; Schema: public; Owner: -
--

ALTER TABLE ONLY public.store_product_tags
    ADD CONSTRAINT store_product_tags_tag_id_31f10719_fk_store_tag_id FOREIGN KEY (tag_id) REFERENCES public.store_tag(id) DEFERRABLE INITIALLY DEFERRED;


--
-- Name: store_productimage store_productimage_product_id_e50e4046_fk_store_product_id; Type: FK CONSTRAINT; Schema: public; Owner: -
--

ALTER TABLE ONLY public.store_productimage
    ADD CONSTRAINT store_productimage_product_id_e50e4046_fk_store_product_id FOREIGN KEY (product_id) REFERENCES public.store_product(id) DEFERRABLE INITIALLY DEFERRED;


--
-- Name: store_profile store_profile_user_id_d67604a1_fk_auth_user_id; Type: FK CONSTRAINT; Schema: public; Owner: -
--

ALTER TABLE ONLY public.store_profile
    ADD CONSTRAINT store_profile_user_id_d67604a1_fk_auth_user_id FOREIGN KEY (user_id) REFERENCES public.auth_user(id) DEFERRABLE INITIALLY DEFERRED;


--
-- PostgreSQL database dump complete
--

\unrestrict 9N8rctkOlMP4LCIxTnHTErHMeyTelD4iKVk4PQ6SH9nIsy10O6YrQNdJFZpp0is

