[{"model": "admin.logentry", "pk": 1, "fields": {"action_time": "2026-06-25T04:01:13.236Z", "user": 12, "content_type": 7, "object_id": "511", "object_repr": "Фрида Кало", "action_flag": 3, "change_message": ""}}, {"model": "admin.logentry", "pk": 2, "fields": {"action_time": "2026-06-25T04:01:13.236Z", "user": 12, "content_type": 7, "object_id": "512", "object_repr": "Красные Розы Эквадор", "action_flag": 3, "change_message": ""}}, {"model": "admin.logentry", "pk": 3, "fields": {"action_time": "2026-06-25T04:01:13.236Z", "user": 12, "content_type": 7, "object_id": "513", "object_repr": "Сумочка с орхидеями и эвкалиптом", "action_flag": 3, "change_message": ""}}, {"model": "admin.logentry", "pk": 4, "fields": {"action_time": "2026-06-25T04:01:13.236Z", "user": 12, "content_type": 7, "object_id": "514", "object_repr": "Адажио", "action_flag": 3, "change_message": ""}}, {"model": "admin.logentry", "pk": 5, "fields": {"action_time": "2026-06-25T04:01:13.236Z", "user": 12, "content_type": 7, "object_id": "515", "object_repr": "Ласковый Свет", "action_flag": 3, "change_message": ""}}, {"model": "admin.logentry", "pk": 6, "fields": {"action_time": "2026-06-25T04:01:13.236Z", "user": 12, "content_type": 7, "object_id": "516", "object_repr": "Букет «Великолепная»", "action_flag": 3, "change_message": ""}}, {"model": "admin.logentry", "pk": 7, "fields": {"action_time": "2026-06-25T04:01:13.236Z", "user": 12, "content_type": 7, "object_id": "517", "object_repr": "Цветущая Нежность", "action_flag": 3, "change_message": ""}}, {"model": "admin.logentry", "pk": 8, "fields": {"action_time": "2026-06-25T04:01:13.236Z", "user": 12, "content_type": 7, "object_id": "518", "object_repr": "Букет из 11 роз разных цветов Россия 60 см.", "action_flag": 3, "change_message": ""}}, {"model": "admin.logentry", "pk": 9, "fields": {"action_time": "2026-06-25T04:01:13.236Z", "user": 12, "content_type": 7, "object_id": "519", "object_repr": "Дуо Пионы и Гортензия", "action_flag": 3, "change_message": ""}}, {"model": "admin.logentry", "pk": 10, "fields": {"action_time": "2026-06-25T04:01:13.236Z", "user": 12, "content_type": 7, "object_id": "520", "object_repr": "Коллаж из чувств", "action_flag": 3, "change_message": ""}}, {"model": "admin.logentry", "pk": 11, "fields": {"action_time": "2026-06-25T04:01:13.236Z", "user": 12, "content_type": 7, "object_id": "521", "object_repr": "Цветы в коробке «Белый берег»", "action_flag": 3, "change_message": ""}}, {"model": "admin.logentry", "pk": 12, "fields": {"action_time": "2026-06-25T04:01:13.236Z", "user": 12, "content_type": 7, "object_id": "522", "object_repr": "Страстные Красные Розы", "action_flag": 3, "change_message": ""}}, {"model": "admin.logentry", "pk": 13, "fields": {"action_time": "2026-06-25T04:01:13.236Z", "user": 12, "content_type": 7, "object_id": "523", "object_repr": "сочный букет из красных пионов и гортензий", "action_flag": 3, "change_message": ""}}, {"model": "admin.logentry", "pk": 14, "fields": {"action_time": "2026-06-25T04:01:13.236Z", "user": 12, "content_type": 7, "object_id": "524", "object_repr": "Люблю Тебя", "action_flag": 3, "change_message": ""}}, {"model": "admin.logentry", "pk": 15, "fields": {"action_time": "2026-06-25T04:01:13.236Z", "user": 12, "content_type": 7, "object_id": "525", "object_repr": "Цветы Лета", "action_flag": 3, "change_message": ""}}, {"model": "admin.logentry", "pk": 16, "fields": {"action_time": "2026-06-25T04:01:13.236Z", "user": 12, "content_type": 7, "object_id": "526", "object_repr": "Персиковый Жемчуг", "action_flag": 3, "change_message": ""}}, {"model": "admin.logentry", "pk": 17, "fields": {"action_time": "2026-06-25T04:01:13.236Z", "user": 12, "content_type": 7, "object_id": "527", "object_repr": "Комплимент", "action_flag": 3, "change_message": ""}}, {"model": "admin.logentry", "pk": 18, "fields": {"action_time": "2026-06-25T04:01:13.236Z", "user": 12, "content_type": 7, "object_id": "528", "object_repr": "Головокружительная Корзина Пионов", "action_flag": 3, "change_message": ""}}, {"model": "admin.logentry", "pk": 19, "fields": {"action_time": "2026-06-25T04:03:16.666Z", "user": 12, "content_type": 7, "object_id": "467", "object_repr": "Премиальные Пионы", "action_flag": 3, "change_message": ""}}, {"model": "admin.logentry", "pk": 20, "fields": {"action_time": "2026-06-25T04:03:16.666Z", "user": 12, "content_type": 7, "object_id": "469", "object_repr": "Лето в Милане", "action_flag": 3, "change_message": ""}}, {"model": "admin.logentry", "pk": 21, "fields": {"action_time": "2026-06-25T04:03:16.666Z", "user": 12, "content_type": 7, "object_id": "470", "object_repr": "Красочные кенийские розы", "action_flag": 3, "change_message": ""}}, {"model": "admin.logentry", "pk": 22, "fields": {"action_time": "2026-06-25T04:03:16.666Z", "user": 12, "content_type": 7, "object_id": "471", "object_repr": "Восторг Любви", "action_flag": 3, "change_message": ""}}, {"model": "admin.logentry", "pk": 23, "fields": {"action_time": "2026-06-25T04:03:16.666Z", "user": 12, "content_type": 7, "object_id": "472", "object_repr": "Акция Орхидеи Ультрамарин", "action_flag": 3, "change_message": ""}}, {"model": "admin.logentry", "pk": 24, "fields": {"action_time": "2026-06-25T04:03:16.666Z", "user": 12, "content_type": 7, "object_id": "473", "object_repr": "Амальфи", "action_flag": 3, "change_message": ""}}, {"model": "admin.logentry", "pk": 25, "fields": {"action_time": "2026-06-25T04:03:16.666Z", "user": 12, "content_type": 7, "object_id": "475", "object_repr": "Пионы и розы мисти", "action_flag": 3, "change_message": ""}}, {"model": "admin.logentry", "pk": 26, "fields": {"action_time": "2026-06-25T04:03:16.666Z", "user": 12, "content_type": 7, "object_id": "476", "object_repr": "Акция Милые Хризантемы", "action_flag": 3, "change_message": ""}}, {"model": "admin.logentry", "pk": 27, "fields": {"action_time": "2026-06-25T04:03:16.666Z", "user": 12, "content_type": 7, "object_id": "477", "object_repr": "Хит Просто Любовь", "action_flag": 3, "change_message": ""}}, {"model": "admin.logentry", "pk": 28, "fields": {"action_time": "2026-06-25T04:03:16.666Z", "user": 12, "content_type": 7, "object_id": "479", "object_repr": "Цветы и макаронс в коробке", "action_flag": 3, "change_message": ""}}, {"model": "admin.logentry", "pk": 29, "fields": {"action_time": "2026-06-25T04:03:16.666Z", "user": 12, "content_type": 7, "object_id": "481", "object_repr": "Цветущая сакура", "action_flag": 3, "change_message": ""}}, {"model": "admin.logentry", "pk": 30, "fields": {"action_time": "2026-06-25T04:03:16.666Z", "user": 12, "content_type": 7, "object_id": "482", "object_repr": "Букет из 15 зелено-розовых роз в крафте Кения 40 см.", "action_flag": 3, "change_message": ""}}, {"model": "admin.logentry", "pk": 31, "fields": {"action_time": "2026-06-25T04:03:16.666Z", "user": 12, "content_type": 7, "object_id": "483", "object_repr": "Тайна Орхидеи", "action_flag": 3, "change_message": ""}}, {"model": "admin.logentry", "pk": 32, "fields": {"action_time": "2026-06-25T04:03:16.666Z", "user": 12, "content_type": 7, "object_id": "484", "object_repr": "Букет Девушка – Весна", "action_flag": 3, "change_message": ""}}, {"model": "admin.logentry", "pk": 33, "fields": {"action_time": "2026-06-25T04:03:16.666Z", "user": 12, "content_type": 7, "object_id": "485", "object_repr": "Корзина \"Гранд\"", "action_flag": 3, "change_message": ""}}, {"model": "admin.logentry", "pk": 34, "fields": {"action_time": "2026-06-25T04:03:16.666Z", "user": 12, "content_type": 7, "object_id": "486", "object_repr": "Жозефина", "action_flag": 3, "change_message": ""}}, {"model": "admin.logentry", "pk": 35, "fields": {"action_time": "2026-06-25T04:03:16.666Z", "user": 12, "content_type": 7, "object_id": "487", "object_repr": "Южный бриз", "action_flag": 3, "change_message": ""}}, {"model": "admin.logentry", "pk": 36, "fields": {"action_time": "2026-06-25T04:03:16.666Z", "user": 12, "content_type": 7, "object_id": "488", "object_repr": "Акция Корзина 251 Рубиновая Роза", "action_flag": 3, "change_message": ""}}, {"model": "admin.logentry", "pk": 37, "fields": {"action_time": "2026-06-25T04:03:16.666Z", "user": 12, "content_type": 7, "object_id": "489", "object_repr": "Арабская Сказка", "action_flag": 3, "change_message": ""}}, {"model": "admin.logentry", "pk": 38, "fields": {"action_time": "2026-06-25T04:03:16.666Z", "user": 12, "content_type": 7, "object_id": "490", "object_repr": "Букет «Клеопатра»", "action_flag": 3, "change_message": ""}}, {"model": "admin.logentry", "pk": 39, "fields": {"action_time": "2026-06-25T04:03:16.666Z", "user": 12, "content_type": 7, "object_id": "491", "object_repr": "Лунная Серенада", "action_flag": 3, "change_message": ""}}, {"model": "admin.logentry", "pk": 40, "fields": {"action_time": "2026-06-25T04:03:16.666Z", "user": 12, "content_type": 7, "object_id": "492", "object_repr": "Ангельские Пионы", "action_flag": 3, "change_message": ""}}, {"model": "admin.logentry", "pk": 41, "fields": {"action_time": "2026-06-25T04:03:16.666Z", "user": 12, "content_type": 7, "object_id": "493", "object_repr": "Сад Моне", "action_flag": 3, "change_message": ""}}, {"model": "admin.logentry", "pk": 42, "fields": {"action_time": "2026-06-25T04:03:16.666Z", "user": 12, "content_type": 7, "object_id": "494", "object_repr": "Мисти земляника", "action_flag": 3, "change_message": ""}}, {"model": "admin.logentry", "pk": 43, "fields": {"action_time": "2026-06-25T04:03:16.666Z", "user": 12, "content_type": 7, "object_id": "495", "object_repr": "Любимые Подсолнухи", "action_flag": 3, "change_message": ""}}, {"model": "admin.logentry", "pk": 44, "fields": {"action_time": "2026-06-25T04:03:16.666Z", "user": 12, "content_type": 7, "object_id": "496", "object_repr": "Райская Оранжерея", "action_flag": 3, "change_message": ""}}, {"model": "admin.logentry", "pk": 45, "fields": {"action_time": "2026-06-25T04:03:16.666Z", "user": 12, "content_type": 7, "object_id": "497", "object_repr": "Новый Космическая Страсть", "action_flag": 3, "change_message": ""}}, {"model": "admin.logentry", "pk": 46, "fields": {"action_time": "2026-06-25T04:03:16.666Z", "user": 12, "content_type": 7, "object_id": "498", "object_repr": "Стаккато", "action_flag": 3, "change_message": ""}}, {"model": "admin.logentry", "pk": 47, "fields": {"action_time": "2026-06-25T04:03:16.666Z", "user": 12, "content_type": 7, "object_id": "499", "object_repr": "Бархатное Сердце", "action_flag": 3, "change_message": ""}}, {"model": "admin.logentry", "pk": 48, "fields": {"action_time": "2026-06-25T04:03:16.666Z", "user": 12, "content_type": 7, "object_id": "500", "object_repr": "Богемный Шик", "action_flag": 3, "change_message": ""}}, {"model": "admin.logentry", "pk": 49, "fields": {"action_time": "2026-06-25T04:03:16.666Z", "user": 12, "content_type": 7, "object_id": "501", "object_repr": "7 Роз 60 см Эквадорские Персиковые Шиммер", "action_flag": 3, "change_message": ""}}, {"model": "admin.logentry", "pk": 50, "fields": {"action_time": "2026-06-25T04:03:16.666Z", "user": 12, "content_type": 7, "object_id": "502", "object_repr": "Море Нежности", "action_flag": 3, "change_message": ""}}, {"model": "admin.logentry", "pk": 51, "fields": {"action_time": "2026-06-25T04:03:16.666Z", "user": 12, "content_type": 7, "object_id": "503", "object_repr": "Букет «Моя вселенная»", "action_flag": 3, "change_message": ""}}, {"model": "admin.logentry", "pk": 52, "fields": {"action_time": "2026-06-25T04:03:16.666Z", "user": 12, "content_type": 7, "object_id": "504", "object_repr": "Букет из роскошных пионов , гортензий и маттиолы Для самой милой", "action_flag": 3, "change_message": ""}}, {"model": "admin.logentry", "pk": 53, "fields": {"action_time": "2026-06-25T04:03:16.666Z", "user": 12, "content_type": 7, "object_id": "505", "object_repr": "Монобукет из красных пионов", "action_flag": 3, "change_message": ""}}, {"model": "admin.logentry", "pk": 54, "fields": {"action_time": "2026-06-25T04:03:16.666Z", "user": 12, "content_type": 7, "object_id": "506", "object_repr": "Розовый зефир", "action_flag": 3, "change_message": ""}}, {"model": "admin.logentry", "pk": 55, "fields": {"action_time": "2026-06-25T04:03:16.666Z", "user": 12, "content_type": 7, "object_id": "507", "object_repr": "Хит Белые Пионы", "action_flag": 3, "change_message": ""}}, {"model": "admin.logentry", "pk": 56, "fields": {"action_time": "2026-06-25T04:03:16.666Z", "user": 12, "content_type": 7, "object_id": "508", "object_repr": "Небесный сапфир", "action_flag": 3, "change_message": ""}}, {"model": "admin.logentry", "pk": 57, "fields": {"action_time": "2026-06-25T04:03:16.666Z", "user": 12, "content_type": 7, "object_id": "509", "object_repr": "Пионовидные Мисти Баблс", "action_flag": 3, "change_message": ""}}, {"model": "admin.logentry", "pk": 58, "fields": {"action_time": "2026-06-25T04:03:16.666Z", "user": 12, "content_type": 7, "object_id": "510", "object_repr": "Солнечное Настроение", "action_flag": 3, "change_message": ""}}, {"model": "auth.user", "pk": 1, "fields": {"password": "pbkdf2_sha256$1000000$VHumJ9RYv0KvMHr9g4lKVI$NLeF5T/uJCBi54ycBHijOrcvdONY8oq7dYNoeJl74fE=", "last_login": "2026-06-16T23:33:26.463Z", "is_superuser": true, "username": "admin", "first_name": "", "last_name": "", "email": "admin@example.com", "is_staff": true, "is_active": true, "date_joined": "2026-06-16T23:33:25.388Z", "groups": [], "user_permissions": []}}, {"model": "auth.user", "pk": 2, "fields": {"password": "pbkdf2_sha256$1000000$9SSLeNcFnE3eCf5T7L2TK2$9nngoow1Pcxn2fe1fdd0D+6qqD1rm9V4JvGtx02Crmo=", "last_login": "2026-06-16T23:33:43.731Z", "is_superuser": false, "username": "user1", "first_name": "", "last_name": "", "email": "u@example.com", "is_staff": false, "is_active": true, "date_joined": "2026-06-16T23:33:42.700Z", "groups": [], "user_permissions": []}}, {"model": "auth.user", "pk": 3, "fields": {"password": "pbkdf2_sha256$1000000$GSUOKvhfZ5PYAY6RqQjUQh$BTkNzPLbILntUA6W62mvVy1TP0CoMWTlhKYXX8eMC2U=", "last_login": "2026-06-17T00:07:09.630Z", "is_superuser": false, "username": "u1", "first_name": "", "last_name": "", "email": "", "is_staff": false, "is_active": true, "date_joined": "2026-06-17T00:07:08.655Z", "groups": [], "user_permissions": []}}, {"model": "auth.user", "pk": 5, "fields": {"password": "pbkdf2_sha256$1000000$XuZb8t7KqU3uksfOnz8dxL$vwvadfoTPWUyjISwMG2TE5mCxzROc5XPGDYa7+gF/Y4=", "last_login": "2026-06-17T00:20:36.957Z", "is_superuser": false, "username": "testu", "first_name": "", "last_name": "", "email": "test@example.com", "is_staff": false, "is_active": true, "date_joined": "2026-06-17T00:20:36.210Z", "groups": [], "user_permissions": []}}, {"model": "auth.user", "pk": 6, "fields": {"password": "pbkdf2_sha256$1000000$I3ln12BCOdYo2LoTWAKQ81$SNnxA3Yms017UieN82z2RkwiPFy8UuLny0pJwi/8euw=", "last_login": "2026-06-17T00:23:16.005Z", "is_superuser": true, "username": "smokeadmin_ar22fl", "first_name": "", "last_name": "", "email": "smokeadmin_ar22fl@example.com", "is_staff": true, "is_active": true, "date_joined": "2026-06-17T00:23:13.271Z", "groups": [], "user_permissions": []}}, {"model": "auth.user", "pk": 7, "fields": {"password": "pbkdf2_sha256$1000000$yuAKVjcE4269vL19UrXoJk$CtiEsFqTONg0oDjEw/dNYdYTp8oB++mosRR8wKh6W6o=", "last_login": "2026-06-17T00:23:15.320Z", "is_superuser": false, "username": "smokeuser_takeqd", "first_name": "", "last_name": "", "email": "smokeuser_takeqd@example.com", "is_staff": false, "is_active": true, "date_joined": "2026-06-17T00:23:14.004Z", "groups": [], "user_permissions": []}}, {"model": "auth.user", "pk": 8, "fields": {"password": "pbkdf2_sha256$1000000$b9bAnkR8M62Ngyi4j4jp93$cLtCou9eozqEjkw1tK1jgkXdmsOLhiolkyfxrMDIMF8=", "last_login": "2026-06-17T00:26:48.188Z", "is_superuser": false, "username": "vizcheck", "first_name": "", "last_name": "", "email": "vizcheck@example.com", "is_staff": false, "is_active": true, "date_joined": "2026-06-17T00:26:47.494Z", "groups": [], "user_permissions": []}}, {"model": "auth.user", "pk": 9, "fields": {"password": "pbkdf2_sha256$1000000$NQapu6zFdlYKYqkPF5yeHf$qxG/DU14Fzc+6NQc9iOa0KFkPvFImBnZfrMGtlOTox4=", "last_login": "2026-06-26T05:47:42.243Z", "is_superuser": false, "username": "vlad", "first_name": "", "last_name": "", "email": "vladmalov19@gmail.com", "is_staff": false, "is_active": true, "date_joined": "2026-06-17T00:28:20.901Z", "groups": [], "user_permissions": []}}, {"model": "auth.user", "pk": 10, "fields": {"password": "pbkdf2_sha256$1000000$NldYXQd1ockUEuOTVNZVTW$0TDz80MDYQbR5Hvd58ZS14JCEXFAcdkBzp6eaGg4rsM=", "last_login": "2026-06-17T00:59:02.697Z", "is_superuser": false, "username": "profiletest", "first_name": "", "last_name": "", "email": "p@example.com", "is_staff": false, "is_active": true, "date_joined": "2026-06-17T00:59:01.317Z", "groups": [], "user_permissions": []}}, {"model": "auth.user", "pk": 11, "fields": {"password": "pbkdf2_sha256$1000000$fwmANj2JmFyynNeeRYQF4J$QAGQN1CJSZHidJpcpnXEoKEBEwaW2rwBLSgBJFmptVY=", "last_login": "2026-06-17T00:59:30.797Z", "is_superuser": false, "username": "profiletest2", "first_name": "", "last_name": "", "email": "p2@example.com", "is_staff": false, "is_active": true, "date_joined": "2026-06-17T00:59:29.291Z", "groups": [], "user_permissions": []}}, {"model": "auth.user", "pk": 12, "fields": {"password": "pbkdf2_sha256$1000000$FcYYztGma56QjyRYNGo1Ki$dQfCfk/FhcPGaP8OWRLBnTnVIIGk5VS0hywHyAwSENQ=", "last_login": "2026-06-26T06:00:13.102Z", "is_superuser": true, "username": "SnawBill", "first_name": "", "last_name": "", "email": "vladmalov201@gmail.com", "is_staff": true, "is_active": true, "date_joined": "2026-06-17T01:01:30.124Z", "groups": [], "user_permissions": []}}, {"model": "sessions.session", "pk": "41ir8je01uzr6c2bazae7qtgeodmtar6", "fields": {"session_data": "e30:1wZecQ:TlQll9zpgpzNSC1MWo16FGbXu-E9ObLoDCSMwQFm-O0", "expire_date": "2026-07-01T00:59:02.655Z"}}, {"model": "sessions.session", "pk": "52x6tns2ksntpkok9fj1btv02nie8bu8", "fields": {"session_data": ".eJxVjktuwzAMRK9iaG0IkqiP02X3PUEUCPrQcdLWBqJ4VfTutUMXsFcPHM4M-cNCnJ9DmCs-wq2wN6ZZu9dSzJ84rotyj-N14nkan49b4quFb9vKP6aCX--b91AwxDos6ZSUBZmLgixjPAkh0BbnTO6tNlIqEPakezDWmFxSMlI7aTWCdFmkCHEt_cZa4xXrUnc-exbCvU7jv-pZ24i2UaZtPPN-FlqqF3RqiECQL0BPMCR2NBUCUgIcQZBH7BNAbdDtS7U6OLvDhAS179wO6sTX95e_2eXCfv8AvlN6lw:1wZdyf:JA7X59HSniZ0HPt5kyk_5Cl8KJUNDu9uqwtFObxvKEk", "expire_date": "2026-07-01T00:17:57.746Z"}}, {"model": "sessions.session", "pk": "5y25wonrf3b8jta5wo9inhwv5oeguk2h", "fields": {"session_data": ".eJxVjMsOwiAQRf-FtSHDozxcuvcbyACDVA0kpV0Z_12bdKHbe865LxZwW2vYBi1hzuzMhGCn3zFielDbSb5ju3WeeluXOfJd4Qcd_NozPS-H-3dQcdRvXaZsnFdFSXRSECQRKaLRJEB7bzV6kCBLxmKNtkKRAmWMKxZgcgmIvT_2yTc-:1wZecs:KuC7dF9QQ1j9_fFwNOkYktf3ne2vpoMPjRwVp6UWjIo", "expire_date": "2026-07-01T00:59:30.868Z"}}, {"model": "sessions.session", "pk": "6f1l8vzjtx6g1mdp5wy4m6zlbypbzpy2", "fields": {"session_data": ".eJxVjEEOwiAQAP_C2RBKC2U9eu8byC67tVUDSWlPxr8bkh70OjOZt4p47Es8qmxxZXVVvbr8MsL0lNwEPzDfi04l79tKuiX6tFVPheV1O9u_wYJ1aVtGSQlk6Ik8W7BdL91MI6IDLyzeupAABghkU2f8bFmY0YIJ7MiM6vMFCyM4mw:1wZdoD:7F9yjYsPhJVQa3Ot9euCStTPpzwBVzmpNWIoDdUwYfM", "expire_date": "2026-07-01T00:07:09.677Z"}}, {"model": "sessions.session", "pk": "ahwwsmg54io75mosagk5ey45a9ul6g4o", "fields": {"session_data": ".eJxVjs1uwyAQhF_F4mwhYEnAPfbeJwgR4meJk7a2FOJTlXePnXUl-_RpZ2dm94_5MD16P1W8-2tmH8yydqvFkL5xWBb5FobLyNM4PO7XyBcLX7eVf40Zfz5X766gD7Wf0yijNqWkzoKSgCZmGyXobFWnFFhhYjBKRaFzOgYscLShJI0IMoXYdWUp_cVawwXrXHc6Oeb9rY7Dv-pY24i2UYe2ccy5SWip3tCxIQJBvgGFcCDR0pQJSAkwBEEesU0AtYHdlmq1c9rdhAS17VwP6siX9-e_2fnMni8Ji3vi:1wZe7E:mVAJurL_NcqN8Qz8CxxtfVMKcwqvkAzjqEIdsY1xVlQ", "expire_date": "2026-07-01T00:26:48.193Z"}}, {"model": "sessions.session", "pk": "akx4q512r1yrfkdh72msja5ney0smxaa", "fields": {"session_data": ".eJxVjEEOgjAQRe_StWlm2koZl-45Axk6g0UNTSisjHdXEha6_e-9_zI9b2vut6pLP4m5GDSn323g9NB5B3Ln-VZsKvO6TIPdFXvQarsi-rwe7t9B5pq_dWyAAFgR2rYRZFB1PvAQCB2NHDAhkEdII1OKwhRcEOJ4HsVzBDTvD8SlN1c:1wZdHa:ZBi3ClP4j1AHIo94a7aiKB39MmY_cDsMICuKj-ckfrI", "expire_date": "2026-06-30T23:33:26.502Z"}}, {"model": "sessions.session", "pk": "bxajyajcyllt4mu8yl2d1c17e9lt606j", "fields": {"session_data": ".eJxVjDsOwjAQBe_iGlleEv8o6XMGa-1d4wBypDipEHcHSymgeM2b0bxEwH0rYW-8hpnERWhx-v0ipgfXDuiO9bbItNRtnaPsijxok9NC_Lwe7l-gYCs9i-wQYMhM4K0zxthMwNmpvkQaxggenPPKu69BmUGNZ406ZTtAFu8P4r83kA:1wZe1E:qS1tXB3iU1RpH99HkyGGt5WuMx20ZdKnhkOVkTs_uyw", "expire_date": "2026-07-01T00:20:36.999Z"}}, {"model": "sessions.session", "pk": "ixwgzfz9x8ynd6ey567jyai6szzwmoqr", "fields": {"session_data": ".eJxVjDkOwjAUBe_iGln2N3ZiSnrOEP3NJIAcKUuFuDuylALaNzPvbQbct3HYV12GSczFeDCn35GQn1obkQfW-2x5rtsykW2KPehqb7Po63q4fwcjrmOrPfQhRvQlCRFTcGdQBOwDR4fJZwFNAZkUSnRJXOl6yCqFfcrAnfl8ARRtOIA:1wczbp:ZnmMThCemV9KDcP8sih0iTVafelpaGWLevh6CU6_atc", "expire_date": "2026-07-10T06:00:13.109Z"}}, {"model": "sessions.session", "pk": "u4w3vdrx537rivyoc6qhsznoybbmo8ec", "fields": {"session_data": ".eJxdj01uwyAQRq-CWFsWHiDgLLvvCUKE-BnipK0thXhV9e61DZXsrh4z880b8U2tm1-DnTM-7T3SMwXa7HvehQ8c10F8uPE2tWEaX8-7b9dIW6e5fZ8ifr7V7EEwuDws2_qUko46cs6CDkwEJRDBeQANndcqCDxhUlxJpSUC1z3rpXLaqyXJE67SL8zZ3TAvusvFUGsfeRr_uoY2hDUEZEMMNWZmohMbOBZ0BawACnyBLIh14Uy2B7CDQB2qIhBV0JP9EcFL5fZ2ATWTCvRBF__J6fYNer3Sn1_tSYAg:1wZdHr:croDaEKtiYBTroMfoymyYbdQGOWXE98kdiUt7PLo6jY", "expire_date": "2026-06-30T23:33:43.761Z"}}, {"model": "store.tag", "pk": 263, "fields": {"name": "букет"}}, {"model": "store.tag", "pk": 264, "fields": {"name": "цветы"}}, {"model": "store.tag", "pk": 265, "fields": {"name": "галерея"}}, {"model": "store.tag", "pk": 266, "fields": {"name": "букеты"}}, {"model": "store.tag", "pk": 267, "fields": {"name": "свежие цветы"}}, {"model": "store.tag", "pk": 268, "fields": {"name": "герберы"}}, {"model": "store.tag", "pk": 269, "fields": {"name": "монобукет"}}, {"model": "store.tag", "pk": 270, "fields": {"name": "яркий букет"}}, {"model": "store.tag", "pk": 271, "fields": {"name": "разноцветный"}}, {"model": "store.tag", "pk": 272, "fields": {"name": "летний букет"}}, {"model": "store.tag", "pk": 273, "fields": {"name": "розы"}}, {"model": "store.tag", "pk": 274, "fields": {"name": "красные"}}, {"model": "store.tag", "pk": 275, "fields": {"name": "белые"}}, {"model": "store.tag", "pk": 276, "fields": {"name": "синие"}}, {"model": "store.tag", "pk": 277, "fields": {"name": "праздник"}}, {"model": "store.tag", "pk": 278, "fields": {"name": "лилии"}}, {"model": "store.tag", "pk": 279, "fields": {"name": "сборный букет"}}, {"model": "store.tag", "pk": 280, "fields": {"name": "романтика"}}, {"model": "store.tag", "pk": 281, "fields": {"name": "нежный букет"}}, {"model": "store.tag", "pk": 282, "fields": {"name": "авторский букет"}}, {"model": "store.tag", "pk": 283, "fields": {"name": "тюльпаны"}}, {"model": "store.tag", "pk": 284, "fields": {"name": "весенний букет"}}, {"model": "store.tag", "pk": 285, "fields": {"name": "классика"}}, {"model": "store.tag", "pk": 286, "fields": {"name": "полевой стиль"}}, {"model": "store.tag", "pk": 287, "fields": {"name": "розовые"}}, {"model": "store.tag", "pk": 288, "fields": {"name": "стабилизированные розы"}}, {"model": "store.tag", "pk": 289, "fields": {"name": "в форме сердца"}}, {"model": "store.tag", "pk": 290, "fields": {"name": "каллы"}}, {"model": "store.tag", "pk": 291, "fields": {"name": "любовь"}}, {"model": "store.tag", "pk": 292, "fields": {"name": "роскошный букет"}}, {"model": "store.tag", "pk": 293, "fields": {"name": "подсолнухи"}}, {"model": "store.tag", "pk": 294, "fields": {"name": "желтые"}}, {"model": "store.tag", "pk": 295, "fields": {"name": "композиция"}}, {"model": "store.tag", "pk": 296, "fields": {"name": "интерьерная флористика"}}, {"model": "store.tag", "pk": 297, "fields": {"name": "премиальная флористика"}}, {"model": "store.tag", "pk": 298, "fields": {"name": "садовый стиль"}}, {"model": "store.tag", "pk": 299, "fields": {"name": "свежий стиль"}}, {"model": "store.tag", "pk": 300, "fields": {"name": "морская палитра"}}, {"model": "store.tag", "pk": 301, "fields": {"name": "сиреневые"}}, {"model": "store.tag", "pk": 302, "fields": {"name": "лавандовая палитра"}}, {"model": "store.tag", "pk": 303, "fields": {"name": "соболезнования"}}, {"model": "store.tag", "pk": 304, "fields": {"name": "ритуальная флористика"}}, {"model": "store.tag", "pk": 305, "fields": {"name": "корзина"}}, {"model": "store.tag", "pk": 306, "fields": {"name": "гламур"}}, {"model": "store.tag", "pk": 307, "fields": {"name": "теплая палитра"}}, {"model": "store.tag", "pk": 308, "fields": {"name": "для мамы"}}, {"model": "store.tag", "pk": 309, "fields": {"name": "подарок"}}, {"model": "store.tag", "pk": 310, "fields": {"name": "авторский"}}, {"model": "store.tag", "pk": 311, "fields": {"name": "микс"}}, {"model": "store.tag", "pk": 312, "fields": {"name": "нежный"}}, {"model": "store.tag", "pk": 313, "fields": {"name": "пионы"}}, {"model": "store.tag", "pk": 314, "fields": {"name": "пышный"}}, {"model": "store.tag", "pk": 315, "fields": {"name": "яркий"}}, {"model": "store.tag", "pk": 316, "fields": {"name": "лето"}}, {"model": "store.tag", "pk": 317, "fields": {"name": "солнце"}}, {"model": "store.tag", "pk": 318, "fields": {"name": "орхидея"}}, {"model": "store.tag", "pk": 319, "fields": {"name": "элегантный"}}, {"model": "store.tag", "pk": 320, "fields": {"name": "премиальный"}}, {"model": "store.tag", "pk": 321, "fields": {"name": "изящный"}}, {"model": "store.tag", "pk": 322, "fields": {"name": "теплый"}}, {"model": "store.tag", "pk": 323, "fields": {"name": "осень"}}, {"model": "store.tag", "pk": 324, "fields": {"name": "уютный"}}, {"model": "store.tag", "pk": 325, "fields": {"name": "объемный"}}, {"model": "store.tag", "pk": 326, "fields": {"name": "коробка"}}, {"model": "store.tag", "pk": 327, "fields": {"name": "стильный"}}, {"model": "store.tag", "pk": 328, "fields": {"name": "синий"}}, {"model": "store.tag", "pk": 329, "fields": {"name": "современный"}}, {"model": "store.tag", "pk": 330, "fields": {"name": "оригинальный"}}, {"model": "store.tag", "pk": 331, "fields": {"name": "светлый"}}, {"model": "store.tag", "pk": 332, "fields": {"name": "воздушный"}}, {"model": "store.product", "pk": 405, "fields": {"title": "Яркие герберы, 12-24 стебля", "price": 7039, "description": "Яркий и жизнерадостный букет из гербер, который сразу поднимает настроение. Насыщенные цветы собраны в аккуратную композицию и подойдут как для праздника, так и для приятного повседневного сюрприза.", "image_url": "https://cdn3.1800flowers.com/wcsstore/Flowers/images/catalog/90618mtv4x.jpg", "is_active": true, "tags": [266, 268, 272, 269, 271, 267, 270]}}, {"model": "store.product", "pk": 406, "fields": {"title": "Красно-бело-синие розы", "price": 7599, "description": "Эффектный букет из роз в красных, белых и синих оттенках. Яркая композиция выглядит торжественно и подходит для памятного подарка или особенного события.", "image_url": "https://cdn2.1800flowers.com/wcsstore/Flowers/images/catalog/140156mrdv4x.jpg", "is_active": true, "tags": [275, 266, 274, 269, 277, 273, 267, 276]}}, {"model": "store.product", "pk": 407, "fields": {"title": "Розы и перуанские лилии", "price": 7599, "description": "Пышная композиция, в которой сочетаются роскошные розы и нежные перуанские лилии. Такой букет выглядит выразительно и помогает красиво показать заботу и внимание.", "image_url": "https://cdn1.1800flowers.com/wcsstore/Flowers/images/catalog/144754mpkcv2x.jpg", "is_active": true, "tags": [266, 278, 281, 273, 280, 279, 267]}}, {"model": "store.product", "pk": 408, "fields": {"title": "Праздничный букет", "price": 5599, "description": "Нарядный букет в красно-белой гамме с праздничным настроением. Розы, гвоздики и другие сезонные цветы создают теплую и уютную композицию.", "image_url": "https://cdn2.1800flowers.com/wcsstore/Flowers/images/catalog/194582srdhv1x.jpg", "is_active": true, "tags": [282, 266, 277, 279, 267, 270]}}, {"model": "store.product", "pk": 409, "fields": {"title": "Праздничный букет с лилиями", "price": 6799, "description": "Яркий букет с красными и белыми азиатскими лилиями, который сразу привлекает внимание. Подходит для теплых поздравлений и праздничных дней.", "image_url": "https://cdn1.1800flowers.com/wcsstore/Flowers/images/catalog/16878mx.jpg", "is_active": true, "tags": [266, 278, 281, 277, 279, 267]}}, {"model": "store.product", "pk": 410, "fields": {"title": "Праздничные тюльпаны", "price": 6799, "description": "Букет из красных и белых тюльпанов с легким зимним настроением. Нежная и свежая композиция, которая добавит тепла любому торжеству.", "image_url": "https://cdn1.1800flowers.com/wcsstore/Flowers/images/catalog/103629mrdsv1x.jpg", "is_active": true, "tags": [266, 284, 269, 277, 267, 283, 270]}}, {"model": "store.product", "pk": 411, "fields": {"title": "Две дюжины разноцветных роз", "price": 6639, "description": "Большой букет из двадцати четырех роз разных оттенков. Яркая палитра делает композицию особенно выразительной и запоминающейся.", "image_url": "https://cdn1.1800flowers.com/wcsstore/Flowers/images/catalog/90925mpuv5x.jpg", "is_active": true, "tags": [266, 285, 269, 271, 273, 280, 267]}}, {"model": "store.product", "pk": 412, "fields": {"title": "Летние поля Европы", "price": 7999, "description": "Букет, вдохновленный красотой европейской природы. Золотистые и голубые оттенки на фоне сочной зелени создают ощущение летней свежести и деревенского уюта.", "image_url": "https://cdn3.1800flowers.com/wcsstore/Flowers/images/catalog/225410xlx.jpg", "is_active": true, "tags": [266, 272, 281, 286, 279, 267]}}, {"model": "store.product", "pk": 413, "fields": {"title": "Розы Сорбет", "price": 9039, "description": "Нежный букет из роз в пастельных оттенках лаванды, оранжевого и розового. Элегантная композиция выглядит мягко, свежо и очень изысканно.", "image_url": "https://cdn3.1800flowers.com/wcsstore/Flowers/images/catalog/100550mprsv2sc12x.jpg", "is_active": true, "tags": [266, 269, 281, 287, 273, 280, 267]}}, {"model": "store.product", "pk": 414, "fields": {"title": "Розовые розы и лилии", "price": 7199, "description": "Эффектный монохромный букет в розовой гамме. Длинные розы и пышные лилии вместе создают романтичную и выразительную композицию.", "image_url": "https://cdn3.1800flowers.com/wcsstore/Flowers/images/catalog/100547spfv1x.jpg", "is_active": true, "tags": [266, 278, 281, 287, 273, 279, 267]}}, {"model": "store.product", "pk": 415, "fields": {"title": "Стабилизированные розы Алое сердце", "price": 14000, "description": "Роскошная композиция из стабилизированных роз в форме сердца. Глубокие красные оттенки делают этот подарок особенно эффектным и запоминающимся.", "image_url": "https://cdn2.1800flowers.com/wcsstore/Flowers/images/catalog/211705sx.jpg", "is_active": true, "tags": [266, 289, 274, 273, 280, 267, 288]}}, {"model": "store.product", "pk": 416, "fields": {"title": "Красные розы и каллы", "price": 6639, "description": "Элегантный букет, в котором сочетаются длинные красные розы и белые каллы. Контраст цветов делает композицию особенно выразительной и торжественной.", "image_url": "https://cdn3.1800flowers.com/wcsstore/Flowers/images/catalog/92930srdv4x.jpg", "is_active": true, "tags": [266, 290, 285, 274, 273, 279, 267]}}, {"model": "store.product", "pk": 417, "fields": {"title": "Летняя мечта", "price": 4639, "description": "Солнечный летний букет с подсолнухами, перуанскими лилиями, гвоздиками и яркими сезонными цветами. Легкая и живая композиция для хорошего настроения.", "image_url": "https://cdn1.1800flowers.com/wcsstore/Flowers/images/catalog/213624spuv5x.jpg", "is_active": true, "tags": [266, 272, 281, 280, 279, 267]}}, {"model": "store.product", "pk": 418, "fields": {"title": "Две дюжины красных роз", "price": 7039, "description": "Классический романтичный букет из двадцати четырех красных роз. Подойдет для признания, годовщины или любого особенного момента.", "image_url": "https://cdn2.1800flowers.com/wcsstore/Flowers/images/catalog/90926mrdv4x.jpg", "is_active": true, "tags": [266, 285, 274, 291, 269, 273, 267]}}, {"model": "store.product", "pk": 419, "fields": {"title": "Стабилизированные розы Роскошное сердце", "price": 38800, "description": "Эффектная композиция из стабилизированных роз в коробке в форме сердца. Идеальный вариант для роскошного и очень романтичного подарка.", "image_url": "https://cdn2.1800flowers.com/wcsstore/Flowers/images/catalog/211706sx.jpg", "is_active": true, "tags": [266, 289, 273, 280, 292, 267, 288]}}, {"model": "store.product", "pk": 420, "fields": {"title": "Сияние подсолнухов", "price": 8239, "description": "Стильный летний букет с подсолнухами, розами и цветами в желто-персиковой гамме. Композиция выглядит тепло, солнечно и благородно.", "image_url": "https://cdn2.1800flowers.com/wcsstore/Flowers/images/catalog/213365swkv2x.jpg", "is_active": true, "tags": [266, 294, 272, 269, 293, 267, 270]}}, {"model": "store.product", "pk": 421, "fields": {"title": "Цветочный центр Палитра сада", "price": 6399, "description": "Яркая центральная композиция с розами, подсолнухами, дельфиниумами и множеством насыщенных оттенков. Подходит для оформления стола и праздничного декора.", "image_url": "https://cdn3.1800flowers.com/wcsstore/Flowers/images/catalog/212967lx.jpg", "is_active": true, "tags": [266, 296, 295, 279, 267, 270]}}, {"model": "store.product", "pk": 422, "fields": {"title": "Авторский букет основателя", "price": 11999, "description": "Продуманная авторская композиция с классическими цветами и богатой фактурой. Букет выглядит солидно и уместен для значимого подарка.", "image_url": "https://cdn2.1800flowers.com/wcsstore/Flowers/images/catalog/213557lx.jpg", "is_active": true, "tags": [282, 266, 297, 279, 267, 270]}}, {"model": "store.product", "pk": 423, "fields": {"title": "Щедрость сада", "price": 6399, "description": "Объемная композиция с розами, лизиантусами и нежными цветами в корзине. Выглядит свежо, уютно и напоминает букет только что из сада.", "image_url": "https://cdn3.1800flowers.com/wcsstore/Flowers/images/catalog/212962lx.jpg", "is_active": true, "tags": [266, 272, 298, 279, 267, 270]}}, {"model": "store.product", "pk": 424, "fields": {"title": "Морской бриз", "price": 5999, "description": "Спокойная композиция в прохладных морских оттенках с розами, дельфиниумами и перуанскими лилиями. Букет передает ощущение свежести и легкости.", "image_url": "https://cdn2.1800flowers.com/wcsstore/Flowers/images/catalog/191300lx.jpg", "is_active": true, "tags": [266, 300, 281, 279, 267, 299]}}, {"model": "store.product", "pk": 425, "fields": {"title": "Садовая тропинка", "price": 11999, "description": "Яркий букет с оранжевыми розами, голубыми дельфиниумами и сочной зеленью. Живая цветовая палитра делает композицию очень летней и позитивной.", "image_url": "https://cdn1.1800flowers.com/wcsstore/Flowers/images/catalog/225291lx.jpg", "is_active": true, "tags": [266, 281, 286, 298, 279, 267]}}, {"model": "store.product", "pk": 426, "fields": {"title": "Лавандовый сад", "price": 7439, "description": "Нежный букет в лавандово-белой гамме, словно собранный в саду ранним утром. Легкая и деликатная композиция для теплого подарка.", "image_url": "https://cdn2.1800flowers.com/wcsstore/Flowers/images/catalog/160557spuv5x.jpg", "is_active": true, "tags": [266, 302, 281, 279, 267, 301]}}, {"model": "store.product", "pk": 427, "fields": {"title": "Начало лета", "price": 8239, "description": "Букет в розовых, персиковых и белых оттенках, передающий атмосферу первых теплых дней. Очень светлая и приятная композиция.", "image_url": "https://cdn2.1800flowers.com/wcsstore/Flowers/images/catalog/194867mvw1x.jpg", "is_active": true, "tags": [266, 272, 281, 279, 267, 299]}}, {"model": "store.product", "pk": 428, "fields": {"title": "Яркий летний букет с лилиями", "price": 7839, "description": "Лилии в оранжевых, розовых и белых оттенках собраны в заметный и праздничный букет. Он выглядит свежо и эффектно.", "image_url": "https://cdn3.1800flowers.com/wcsstore/Flowers/images/catalog/92926swkv2x.jpg", "is_active": true, "tags": [266, 272, 278, 279, 267, 270]}}, {"model": "store.product", "pk": 429, "fields": {"title": "Дюжина разноцветных роз", "price": 5039, "description": "Букет из двенадцати роз разных оттенков. Яркая композиция помогает передать эмоции и добавить красок в любой день.", "image_url": "https://cdn3.1800flowers.com/wcsstore/Flowers/images/catalog/90925sprhv1x.jpg", "is_active": true, "tags": [266, 285, 269, 271, 273, 267, 270]}}, {"model": "store.product", "pk": 430, "fields": {"title": "Искренние соболезнования", "price": 7039, "description": "Мягкий букет в розово-белой гамме, созданный для выражения поддержки, участия и теплой памяти. Сдержанная и уважительная композиция.", "image_url": "https://cdn1.1800flowers.com/wcsstore/Flowers/images/catalog/160077mpkcv2x.jpg", "is_active": true, "tags": [275, 266, 278, 281, 304, 267, 303]}}, {"model": "store.product", "pk": 431, "fields": {"title": "Белые лилии в знак поддержки", "price": 6239, "description": "Спокойная композиция из белых лилий и зелени, созданная для выражения сочувствия и поддержки. Светлый букет с очень деликатным настроением.", "image_url": "https://cdn1.1800flowers.com/wcsstore/Flowers/images/catalog/160075smbv2x.jpg", "is_active": true, "tags": [275, 266, 285, 278, 304, 267, 303]}}, {"model": "store.product", "pk": 432, "fields": {"title": "Светлая память", "price": 6399, "description": "Нежная памятная композиция в белых оттенках, оформленная в корзине. Букет передает уважение, поддержку и спокойствие.", "image_url": "https://cdn1.1800flowers.com/wcsstore/Flowers/images/catalog/212963lx.jpg", "is_active": true, "tags": [275, 266, 281, 304, 267, 303]}}, {"model": "store.product", "pk": 433, "fields": {"title": "Драгоценные воспоминания", "price": 7199, "description": "Элегантная белая композиция с зеленью для выражения участия и памяти. Смотрится благородно, спокойно и очень аккуратно.", "image_url": "https://cdn1.1800flowers.com/wcsstore/Flowers/images/catalog/191626lx.jpg", "is_active": true, "tags": [266, 285, 281, 304, 267, 303]}}, {"model": "store.product", "pk": 434, "fields": {"title": "Корзина искренней памяти", "price": 14399, "description": "Крупная цветочная корзина с яркими акцентами, созданная как памятная композиция. Подходит для уважительного и торжественного прощания.", "image_url": "https://cdn1.1800flowers.com/wcsstore/Flowers/images/catalog/191629xlx.jpg", "is_active": true, "tags": [266, 305, 304, 267, 303]}}, {"model": "store.product", "pk": 435, "fields": {"title": "Розовые лепестки", "price": 7439, "description": "Нежный букет из розовых роз с мягким романтичным характером. Идеален для теплых слов, признания или красивого комплимента.", "image_url": "https://cdn3.1800flowers.com/wcsstore/Flowers/images/catalog/104516mpfv1x.jpg", "is_active": true, "tags": [266, 269, 281, 287, 273, 280, 267]}}, {"model": "store.product", "pk": 436, "fields": {"title": "Яркий цветочный микс", "price": 6399, "description": "Насыщенная композиция из ярких сезонных цветов с праздничным характером. Букет выглядит живо, объемно и сразу привлекает внимание.", "image_url": "https://cdn1.1800flowers.com/wcsstore/Flowers/images/catalog/191313xlx.jpg", "is_active": true, "tags": [266, 277, 271, 279, 267, 270]}}, {"model": "store.product", "pk": 437, "fields": {"title": "Розы Калейдоскоп", "price": 8191, "description": "Эффектный букет из роз с пестрой палитрой оттенков. Композиция выглядит празднично и хорошо подходит для яркого подарка.", "image_url": "https://cdn2.1800flowers.com/wcsstore/Flowers/images/catalog/140157mpuv5x.jpg", "is_active": true, "tags": [266, 269, 271, 273, 280, 267, 270]}}, {"model": "store.product", "pk": 438, "fields": {"title": "Стабилизированные розы Великолепие", "price": 16800, "description": "Долговечная композиция из стабилизированных роз с аккуратной премиальной подачей. Подходит для эффектного интерьерного подарка.", "image_url": "https://cdn2.1800flowers.com/wcsstore/Flowers/images/catalog/156598xlrdx.jpg", "is_active": true, "tags": [266, 285, 273, 292, 267, 288]}}, {"model": "store.product", "pk": 439, "fields": {"title": "Мэрилин Монро: Счастливый день", "price": 17200, "description": "Коллекционная композиция из стабилизированных роз, вдохновленная образом Мэрилин Монро. Яркий и запоминающийся подарок с акцентом на стиль.", "image_url": "https://cdn1.1800flowers.com/wcsstore/Flowers/images/catalog/212099lx.jpg", "is_active": true, "tags": [282, 266, 277, 287, 279, 267, 270]}}, {"model": "store.product", "pk": 440, "fields": {"title": "Мэрилин Монро: Гламур", "price": 17200, "description": "Элегантная цветочная композиция в коллекционном оформлении. Подходит для эффектного подарка с выраженным декоративным характером.", "image_url": "https://cdn3.1800flowers.com/wcsstore/Flowers/images/catalog/212103lx.jpg", "is_active": true, "tags": [282, 266, 306, 287, 292, 279, 267]}}, {"model": "store.product", "pk": 441, "fields": {"title": "Мэрилин Монро: Вечная классика", "price": 17200, "description": "Стильная композиция из стабилизированных роз, сочетающая роскошь и классическое настроение. Смотрится очень выразительно.", "image_url": "https://cdn3.1800flowers.com/wcsstore/Flowers/images/catalog/212101lx.jpg", "is_active": true, "tags": [282, 266, 285, 281, 280, 279, 267]}}, {"model": "store.product", "pk": 442, "fields": {"title": "Мэрилин Монро: Сокровища", "price": 17200, "description": "Премиальная композиция из роз в декоративной подаче. Идеальный вариант для впечатляющего и памятного подарка.", "image_url": "https://cdn1.1800flowers.com/wcsstore/Flowers/images/catalog/212102lx.jpg", "is_active": true, "tags": [282, 266, 297, 292, 279, 267]}}, {"model": "store.product", "pk": 443, "fields": {"title": "Мэрилин Монро: Красота", "price": 17200, "description": "Эффектная композиция с коллекционным настроением и роскошной цветочной подачей. Подходит для торжественного подарка.", "image_url": "https://cdn3.1800flowers.com/wcsstore/Flowers/images/catalog/212100lx.jpg", "is_active": true, "tags": [282, 266, 281, 287, 280, 279, 267]}}, {"model": "store.product", "pk": 444, "fields": {"title": "Мэрилин Монро: Икона", "price": 17200, "description": "Коллекционная композиция из стабилизированных роз с выразительным дизайном. Выглядит ярко и статусно.", "image_url": "https://cdn3.1800flowers.com/wcsstore/Flowers/images/catalog/212098lx.jpg", "is_active": true, "tags": [282, 266, 285, 292, 279, 267]}}, {"model": "store.product", "pk": 445, "fields": {"title": "Цитрусовое настроение", "price": 6399, "description": "Свежий букет в теплой солнечной гамме, напоминающей цитрусовые оттенки. Легкая и бодрая композиция для хорошего настроения.", "image_url": "https://cdn3.1800flowers.com/wcsstore/Flowers/images/catalog/191170xlx.jpg", "is_active": true, "tags": [266, 294, 279, 267, 299, 270]}}, {"model": "store.product", "pk": 446, "fields": {"title": "Мед и счастье", "price": 11599, "description": "Теплый букет в мягкой летней палитре, который создает уютное и радостное впечатление. Хорошо подходит для душевного подарка.", "image_url": "https://cdn1.1800flowers.com/wcsstore/Flowers/images/catalog/194468mbcv1ws9x.jpg", "is_active": true, "tags": [266, 294, 281, 279, 267, 307]}}, {"model": "store.product", "pk": 447, "fields": {"title": "Золотой нектар", "price": 11599, "description": "Жизнерадостная композиция с летним характером и яркими цветами. Букет выглядит легко, солнечно и очень приветливо.", "image_url": "https://cdn2.1800flowers.com/wcsstore/Flowers/images/catalog/213299mbcv1ws9x.jpg", "is_active": true, "tags": [266, 294, 292, 279, 267, 270]}}, {"model": "store.product", "pk": 448, "fields": {"title": "Букет подсолнухов", "price": 9039, "description": "Солнечный букет с подсолнухами, который сразу наполняет пространство теплом. Яркий вариант для летнего подарка.", "image_url": "https://cdn2.1800flowers.com/wcsstore/Flowers/images/catalog/95044myfv1x.jpg", "is_active": true, "tags": [266, 294, 272, 269, 293, 267, 270]}}, {"model": "store.product", "pk": 449, "fields": {"title": "Волна любви", "price": 8399, "description": "Нежная романтичная композиция с мягкой цветовой палитрой. Подходит для признания, поздравления или теплого сюрприза.", "image_url": "https://cdn3.1800flowers.com/wcsstore/Flowers/images/catalog/194467mbcv1ws9x.jpg", "is_active": true, "tags": [266, 274, 291, 273, 280, 279, 267]}}, {"model": "store.product", "pk": 450, "fields": {"title": "Желтые розы", "price": 7999, "description": "Яркий букет из желтых роз с теплым и дружелюбным настроением. Хороший вариант для позитивного и солнечного подарка.", "image_url": "https://cdn1.1800flowers.com/wcsstore/Flowers/images/catalog/213730myfv1x.jpg", "is_active": true, "tags": [266, 294, 285, 269, 273, 267, 270]}}, {"model": "store.product", "pk": 451, "fields": {"title": "Лавандовое небо", "price": 7199, "description": "Воздушная композиция в лавандовых оттенках с очень спокойным и нежным настроением. Смотрится легко и изящно.", "image_url": "https://cdn2.1800flowers.com/wcsstore/Flowers/images/catalog/213396lx.jpg", "is_active": true, "tags": [266, 302, 281, 279, 267, 301]}}, {"model": "store.product", "pk": 452, "fields": {"title": "Поля Европы", "price": 5599, "description": "Классический букет в стиле европейских лугов, собранный из свежих сезонных цветов. Живой, естественный и очень уютный.", "image_url": "https://cdn2.1800flowers.com/wcsstore/Flowers/images/catalog/191109xlx.jpg", "is_active": true, "tags": [266, 272, 286, 279, 267, 270]}}, {"model": "store.product", "pk": 453, "fields": {"title": "Прибрежное очарование", "price": 6399, "description": "Мягкая цветочная композиция в свежих прибрежных оттенках. Букет выглядит светло, спокойно и очень гармонично.", "image_url": "https://cdn2.1800flowers.com/wcsstore/Flowers/images/catalog/191771lx.jpg", "is_active": true, "tags": [266, 300, 281, 279, 267, 299]}}, {"model": "store.product", "pk": 454, "fields": {"title": "Летний медовый бриз", "price": 6399, "description": "Летний букет с яркими теплыми акцентами и солнечным настроением. Отлично подходит для теплого сезона и радостного подарка.", "image_url": "https://cdn1.1800flowers.com/wcsstore/Flowers/images/catalog/213691lx.jpg", "is_active": true, "tags": [266, 272, 281, 279, 267, 307]}}, {"model": "store.product", "pk": 455, "fields": {"title": "Красные розы, полные любви", "price": 4863, "description": "Классический букет из красных роз для романтичного подарка. Сдержанная, выразительная и всегда уместная композиция.", "image_url": "https://cdn1.1800flowers.com/wcsstore/Flowers/images/catalog/192279schv2cn10x.jpg", "is_active": true, "tags": [266, 274, 291, 269, 273, 280, 267]}}, {"model": "store.product", "pk": 456, "fields": {"title": "Букет для мамы", "price": 6799, "description": "Нежная и праздничная композиция, созданная для теплого подарка маме. Выглядит заботливо, мягко и очень душевно.", "image_url": "https://cdn2.1800flowers.com/wcsstore/Flowers/images/catalog/225287lpx.jpg", "is_active": true, "tags": [266, 308, 281, 277, 287, 279, 267]}}, {"model": "store.product", "pk": 457, "fields": {"title": "Блаженство Дафны", "price": 7999, "description": "Нежный авторский букет с мягкой палитрой и гармоничной формой. Смотрится изящно и подходит для красивого комплимента.", "image_url": "https://cdn1.1800flowers.com/wcsstore/Flowers/images/catalog/212968lx.jpg", "is_active": true, "tags": [282, 266, 281, 280, 279, 267]}}, {"model": "store.product", "pk": 458, "fields": {"title": "Поля Европы: Нежность", "price": 6399, "description": "Легкая и свежая композиция в стиле цветущих европейских полей. Передает ощущение естественности и спокойствия.", "image_url": "https://cdn3.1800flowers.com/wcsstore/Flowers/images/catalog/191116dxx.jpg", "is_active": true, "tags": [266, 281, 286, 287, 279, 267]}}, {"model": "store.product", "pk": 459, "fields": {"title": "Поля Европы: Романтика", "price": 6399, "description": "Романтичный букет в природном стиле с нежными оттенками и мягкой фактурой. Хороший вариант для теплого подарка.", "image_url": "https://cdn2.1800flowers.com/wcsstore/Flowers/images/catalog/191112xlx.jpg", "is_active": true, "tags": [266, 281, 286, 280, 279, 267]}}, {"model": "store.product", "pk": 460, "fields": {"title": "Цветущая любовь", "price": 7999, "description": "Премиальный букет из красных роз с богатой и торжественной подачей. Подходит для признания и особого повода.", "image_url": "https://cdn1.1800flowers.com/wcsstore/Flowers/images/catalog/161132lx.jpg", "is_active": true, "tags": [266, 291, 281, 287, 280, 279, 267]}}, {"model": "store.product", "pk": 461, "fields": {"title": "Идеальная пара", "price": 3999, "description": "Композиция с романтичным настроением и аккуратной цветочной подачей. Подойдет для подарка близкому человеку.", "image_url": "https://cdn1.1800flowers.com/wcsstore/Flowers/images/catalog/177929bnx.jpg", "is_active": true, "tags": [266, 281, 309, 280, 279, 267]}}, {"model": "store.product", "pk": 462, "fields": {"title": "Полночная любовь", "price": 7999, "description": "Глубокая и выразительная композиция с вечерним романтичным характером. Букет смотрится эффектно и атмосферно.", "image_url": "https://cdn2.1800flowers.com/wcsstore/Flowers/images/catalog/213395lx.jpg", "is_active": true, "tags": [266, 274, 291, 280, 292, 279, 267]}}, {"model": "store.product", "pk": 463, "fields": {"title": "Просто розовый", "price": 6799, "description": "Нежный букет в розовой гамме без лишних деталей. Лаконичная и очень приятная композиция для теплого подарка.", "image_url": "https://cdn1.1800flowers.com/wcsstore/Flowers/images/catalog/213357xlx.jpg", "is_active": true, "tags": [266, 285, 269, 281, 287, 267]}}, {"model": "store.product", "pk": 464, "fields": {"title": "Тихоокеанский бриз", "price": 7999, "description": "Свежая композиция в прохладных морских оттенках с расслабленным и благородным настроением. Смотрится современно и легко.", "image_url": "https://cdn2.1800flowers.com/wcsstore/Flowers/images/catalog/213397lx.jpg", "is_active": true, "tags": [266, 300, 281, 279, 267, 299]}}, {"model": "store.productimage", "pk": 1360, "fields": {"product": 405, "image_url": "https://cdn3.1800flowers.com/wcsstore/Flowers/images/catalog/90618mtv4x.jpg", "sort_order": 1}}, {"model": "store.productimage", "pk": 1361, "fields": {"product": 405, "image_url": "https://cdn3.1800flowers.com/wcsstore/Flowers/images/catalog/90618_alt2x.jpg", "sort_order": 2}}, {"model": "store.productimage", "pk": 1362, "fields": {"product": 405, "image_url": "https://cdn3.1800flowers.com/wcsstore/Flowers/images/catalog/90618_alt1x.jpg", "sort_order": 3}}, {"model": "store.productimage", "pk": 1364, "fields": {"product": 406, "image_url": "https://cdn2.1800flowers.com/wcsstore/Flowers/images/catalog/140156mrdv4x.jpg", "sort_order": 1}}, {"model": "store.productimage", "pk": 1365, "fields": {"product": 406, "image_url": "https://cdn2.1800flowers.com/wcsstore/Flowers/images/catalog/140156_alt1x.jpg", "sort_order": 2}}, {"model": "store.productimage", "pk": 1366, "fields": {"product": 406, "image_url": "https://cdn2.1800flowers.com/wcsstore/Flowers/images/catalog/140156_alt2x.jpg", "sort_order": 3}}, {"model": "store.productimage", "pk": 1367, "fields": {"product": 406, "image_url": "https://cdn2.1800flowers.com/wcsstore/Flowers/images/catalog/140156_alt3x.jpg", "sort_order": 4}}, {"model": "store.productimage", "pk": 1369, "fields": {"product": 407, "image_url": "https://cdn1.1800flowers.com/wcsstore/Flowers/images/catalog/144754mpkcv2x.jpg", "sort_order": 1}}, {"model": "store.productimage", "pk": 1370, "fields": {"product": 407, "image_url": "https://cdn1.1800flowers.com/wcsstore/Flowers/images/catalog/144754_alt1x.jpg", "sort_order": 2}}, {"model": "store.productimage", "pk": 1371, "fields": {"product": 407, "image_url": "https://cdn1.1800flowers.com/wcsstore/Flowers/images/catalog/144754_alt2x.jpg", "sort_order": 3}}, {"model": "store.productimage", "pk": 1372, "fields": {"product": 407, "image_url": "https://cdn1.1800flowers.com/wcsstore/Flowers/images/catalog/144754_alt3x.jpg", "sort_order": 4}}, {"model": "store.productimage", "pk": 1374, "fields": {"product": 408, "image_url": "https://cdn2.1800flowers.com/wcsstore/Flowers/images/catalog/194582srdhv1x.jpg", "sort_order": 1}}, {"model": "store.productimage", "pk": 1375, "fields": {"product": 408, "image_url": "https://cdn2.1800flowers.com/wcsstore/Flowers/images/catalog/194582_alt1x.jpg", "sort_order": 2}}, {"model": "store.productimage", "pk": 1376, "fields": {"product": 408, "image_url": "https://cdn2.1800flowers.com/wcsstore/Flowers/images/catalog/194582_alt2x.jpg", "sort_order": 3}}, {"model": "store.productimage", "pk": 1377, "fields": {"product": 408, "image_url": "https://cdn2.1800flowers.com/wcsstore/Flowers/images/catalog/194582_alt3x.jpg", "sort_order": 4}}, {"model": "store.productimage", "pk": 1378, "fields": {"product": 408, "image_url": "https://cdn2.1800flowers.com/wcsstore/Flowers/images/catalog/203902_altx.jpg", "sort_order": 5}}, {"model": "store.productimage", "pk": 1380, "fields": {"product": 409, "image_url": "https://cdn1.1800flowers.com/wcsstore/Flowers/images/catalog/16878mx.jpg", "sort_order": 1}}, {"model": "store.productimage", "pk": 1381, "fields": {"product": 409, "image_url": "https://cdn1.1800flowers.com/wcsstore/Flowers/images/catalog/16878_alt1x.jpg", "sort_order": 2}}, {"model": "store.productimage", "pk": 1382, "fields": {"product": 409, "image_url": "https://cdn1.1800flowers.com/wcsstore/Flowers/images/catalog/16878_alt2x.jpg", "sort_order": 3}}, {"model": "store.productimage", "pk": 1383, "fields": {"product": 409, "image_url": "https://cdn1.1800flowers.com/wcsstore/Flowers/images/catalog/16878_alt3x.jpg", "sort_order": 4}}, {"model": "store.productimage", "pk": 1385, "fields": {"product": 410, "image_url": "https://cdn1.1800flowers.com/wcsstore/Flowers/images/catalog/103629mrdsv1x.jpg", "sort_order": 1}}, {"model": "store.productimage", "pk": 1386, "fields": {"product": 410, "image_url": "https://cdn1.1800flowers.com/wcsstore/Flowers/images/catalog/103629_alt1x.jpg", "sort_order": 2}}, {"model": "store.productimage", "pk": 1387, "fields": {"product": 410, "image_url": "https://cdn1.1800flowers.com/wcsstore/Flowers/images/catalog/103629_alt2x.jpg", "sort_order": 3}}, {"model": "store.productimage", "pk": 1388, "fields": {"product": 410, "image_url": "https://cdn1.1800flowers.com/wcsstore/Flowers/images/catalog/103629_alt3x.jpg", "sort_order": 4}}, {"model": "store.productimage", "pk": 1390, "fields": {"product": 411, "image_url": "https://cdn1.1800flowers.com/wcsstore/Flowers/images/catalog/90925mpuv5x.jpg", "sort_order": 1}}, {"model": "store.productimage", "pk": 1391, "fields": {"product": 411, "image_url": "https://cdn1.1800flowers.com/wcsstore/Flowers/images/catalog/90925_alt1x.jpg", "sort_order": 2}}, {"model": "store.productimage", "pk": 1393, "fields": {"product": 412, "image_url": "https://cdn3.1800flowers.com/wcsstore/Flowers/images/catalog/225410xlx.jpg", "sort_order": 1}}, {"model": "store.productimage", "pk": 1394, "fields": {"product": 412, "image_url": "https://cdn3.1800flowers.com/wcsstore/Flowers/images/catalog/225410_alt1x.jpg", "sort_order": 2}}, {"model": "store.productimage", "pk": 1395, "fields": {"product": 412, "image_url": "https://cdn3.1800flowers.com/wcsstore/Flowers/images/catalog/225410_alt2x.jpg", "sort_order": 3}}, {"model": "store.productimage", "pk": 1396, "fields": {"product": 413, "image_url": "https://cdn3.1800flowers.com/wcsstore/Flowers/images/catalog/100550mprsv2sc12x.jpg", "sort_order": 1}}, {"model": "store.productimage", "pk": 1397, "fields": {"product": 413, "image_url": "https://cdn3.1800flowers.com/wcsstore/Flowers/images/catalog/100550_alt1x.jpg", "sort_order": 2}}, {"model": "store.productimage", "pk": 1398, "fields": {"product": 413, "image_url": "https://cdn3.1800flowers.com/wcsstore/Flowers/images/catalog/100550_alt2x.jpg", "sort_order": 3}}, {"model": "store.productimage", "pk": 1400, "fields": {"product": 413, "image_url": "https://cdn3.1800flowers.com/wcsstore/Flowers/images/catalog/219520_altx.jpg", "sort_order": 5}}, {"model": "store.productimage", "pk": 1401, "fields": {"product": 414, "image_url": "https://cdn3.1800flowers.com/wcsstore/Flowers/images/catalog/100547spfv1x.jpg", "sort_order": 1}}, {"model": "store.productimage", "pk": 1403, "fields": {"product": 414, "image_url": "https://cdn3.1800flowers.com/wcsstore/Flowers/images/catalog/100547_alt1x.jpg", "sort_order": 3}}, {"model": "store.productimage", "pk": 1404, "fields": {"product": 414, "image_url": "https://cdn3.1800flowers.com/wcsstore/Flowers/images/catalog/100547_alt3x.jpg", "sort_order": 4}}, {"model": "store.productimage", "pk": 1405, "fields": {"product": 414, "image_url": "https://cdn3.1800flowers.com/wcsstore/Flowers/images/catalog/shades_of_pink_altviewx.jpg", "sort_order": 5}}, {"model": "store.productimage", "pk": 1406, "fields": {"product": 415, "image_url": "https://cdn2.1800flowers.com/wcsstore/Flowers/images/catalog/211705sx.jpg", "sort_order": 1}}, {"model": "store.productimage", "pk": 1407, "fields": {"product": 415, "image_url": "https://cdn2.1800flowers.com/wcsstore/Flowers/images/catalog/211705_alt1x.jpg", "sort_order": 2}}, {"model": "store.productimage", "pk": 1408, "fields": {"product": 415, "image_url": "https://cdn2.1800flowers.com/wcsstore/Flowers/images/catalog/211705_alt3x.jpg", "sort_order": 3}}, {"model": "store.productimage", "pk": 1409, "fields": {"product": 415, "image_url": "https://cdn2.1800flowers.com/wcsstore/Flowers/images/catalog/211705_alt4x.jpg", "sort_order": 4}}, {"model": "store.productimage", "pk": 1410, "fields": {"product": 415, "image_url": "https://cdn2.1800flowers.com/wcsstore/Flowers/images/catalog/211705_alt5x.jpg", "sort_order": 5}}, {"model": "store.productimage", "pk": 1411, "fields": {"product": 415, "image_url": "https://cdn2.1800flowers.com/wcsstore/Flowers/images/catalog/211705_alt7x.jpg", "sort_order": 6}}, {"model": "store.productimage", "pk": 1412, "fields": {"product": 416, "image_url": "https://cdn3.1800flowers.com/wcsstore/Flowers/images/catalog/92930srdv4x.jpg", "sort_order": 1}}, {"model": "store.productimage", "pk": 1414, "fields": {"product": 416, "image_url": "https://cdn3.1800flowers.com/wcsstore/Flowers/images/catalog/92930alt_viewx.jpg", "sort_order": 3}}, {"model": "store.productimage", "pk": 1415, "fields": {"product": 416, "image_url": "https://cdn3.1800flowers.com/wcsstore/Flowers/images/catalog/92930_alt2x.jpg", "sort_order": 4}}, {"model": "store.productimage", "pk": 1416, "fields": {"product": 416, "image_url": "https://cdn3.1800flowers.com/wcsstore/Flowers/images/catalog/92930_alt3x.jpg", "sort_order": 5}}, {"model": "store.productimage", "pk": 1417, "fields": {"product": 416, "image_url": "https://cdn3.1800flowers.com/wcsstore/Flowers/images/catalog/197728_altx.jpg", "sort_order": 6}}, {"model": "store.productimage", "pk": 1418, "fields": {"product": 417, "image_url": "https://cdn1.1800flowers.com/wcsstore/Flowers/images/catalog/213624spuv5x.jpg", "sort_order": 1}}, {"model": "store.productimage", "pk": 1419, "fields": {"product": 417, "image_url": "https://cdn1.1800flowers.com/wcsstore/Flowers/images/catalog/213624_alt1x.jpg", "sort_order": 2}}, {"model": "store.productimage", "pk": 1421, "fields": {"product": 418, "image_url": "https://cdn2.1800flowers.com/wcsstore/Flowers/images/catalog/90926mrdv4x.jpg", "sort_order": 1}}, {"model": "store.productimage", "pk": 1422, "fields": {"product": 418, "image_url": "https://cdn2.1800flowers.com/wcsstore/Flowers/images/catalog/90926_alt1x.jpg", "sort_order": 2}}, {"model": "store.productimage", "pk": 1424, "fields": {"product": 419, "image_url": "https://cdn2.1800flowers.com/wcsstore/Flowers/images/catalog/211706sx.jpg", "sort_order": 1}}, {"model": "store.productimage", "pk": 1425, "fields": {"product": 419, "image_url": "https://cdn2.1800flowers.com/wcsstore/Flowers/images/catalog/211706_alt1x.jpg", "sort_order": 2}}, {"model": "store.productimage", "pk": 1426, "fields": {"product": 419, "image_url": "https://cdn2.1800flowers.com/wcsstore/Flowers/images/catalog/211706_alt2x.jpg", "sort_order": 3}}, {"model": "store.productimage", "pk": 1427, "fields": {"product": 419, "image_url": "https://cdn2.1800flowers.com/wcsstore/Flowers/images/catalog/211706_alt4x.jpg", "sort_order": 4}}, {"model": "store.productimage", "pk": 1428, "fields": {"product": 420, "image_url": "https://cdn2.1800flowers.com/wcsstore/Flowers/images/catalog/213365swkv2x.jpg", "sort_order": 1}}, {"model": "store.productimage", "pk": 1430, "fields": {"product": 420, "image_url": "https://cdn2.1800flowers.com/wcsstore/Flowers/images/catalog/213365_alt1x.jpg", "sort_order": 3}}, {"model": "store.productimage", "pk": 1431, "fields": {"product": 420, "image_url": "https://cdn2.1800flowers.com/wcsstore/Flowers/images/catalog/213365_alt2x.jpg", "sort_order": 4}}, {"model": "store.productimage", "pk": 1432, "fields": {"product": 420, "image_url": "https://cdn2.1800flowers.com/wcsstore/Flowers/images/catalog/203507_altx.jpg", "sort_order": 5}}, {"model": "store.productimage", "pk": 1433, "fields": {"product": 421, "image_url": "https://cdn3.1800flowers.com/wcsstore/Flowers/images/catalog/212967lx.jpg", "sort_order": 1}}, {"model": "store.productimage", "pk": 1434, "fields": {"product": 421, "image_url": "https://cdn3.1800flowers.com/wcsstore/Flowers/images/catalog/212967_alt1x.jpg", "sort_order": 2}}, {"model": "store.productimage", "pk": 1435, "fields": {"product": 421, "image_url": "https://cdn3.1800flowers.com/wcsstore/Flowers/images/catalog/212967_alt2x.jpg", "sort_order": 3}}, {"model": "store.productimage", "pk": 1436, "fields": {"product": 421, "image_url": "https://cdn3.1800flowers.com/wcsstore/Flowers/images/catalog/212967_alt3x.jpg", "sort_order": 4}}, {"model": "store.productimage", "pk": 1437, "fields": {"product": 421, "image_url": "https://cdn3.1800flowers.com/wcsstore/Flowers/images/catalog/212967_drgx.jpg", "sort_order": 5}}, {"model": "store.productimage", "pk": 1438, "fields": {"product": 422, "image_url": "https://cdn2.1800flowers.com/wcsstore/Flowers/images/catalog/213557lx.jpg", "sort_order": 1}}, {"model": "store.productimage", "pk": 1439, "fields": {"product": 422, "image_url": "https://cdn2.1800flowers.com/wcsstore/Flowers/images/catalog/213557_alt1x.jpg", "sort_order": 2}}, {"model": "store.productimage", "pk": 1440, "fields": {"product": 422, "image_url": "https://cdn2.1800flowers.com/wcsstore/Flowers/images/catalog/213557_alt3x.jpg", "sort_order": 3}}, {"model": "store.productimage", "pk": 1441, "fields": {"product": 422, "image_url": "https://cdn2.1800flowers.com/wcsstore/Flowers/images/catalog/213557_drgx.jpg", "sort_order": 4}}, {"model": "store.productimage", "pk": 1442, "fields": {"product": 423, "image_url": "https://cdn3.1800flowers.com/wcsstore/Flowers/images/catalog/212962lx.jpg", "sort_order": 1}}, {"model": "store.productimage", "pk": 1443, "fields": {"product": 423, "image_url": "https://cdn3.1800flowers.com/wcsstore/Flowers/images/catalog/212962_alt1x.jpg", "sort_order": 2}}, {"model": "store.productimage", "pk": 1444, "fields": {"product": 423, "image_url": "https://cdn3.1800flowers.com/wcsstore/Flowers/images/catalog/212962_alt2x.jpg", "sort_order": 3}}, {"model": "store.productimage", "pk": 1445, "fields": {"product": 423, "image_url": "https://cdn3.1800flowers.com/wcsstore/Flowers/images/catalog/212962_alt3x.jpg", "sort_order": 4}}, {"model": "store.productimage", "pk": 1446, "fields": {"product": 423, "image_url": "https://cdn3.1800flowers.com/wcsstore/Flowers/images/catalog/212962_drgx.jpg", "sort_order": 5}}, {"model": "store.productimage", "pk": 1447, "fields": {"product": 424, "image_url": "https://cdn2.1800flowers.com/wcsstore/Flowers/images/catalog/191300lx.jpg", "sort_order": 1}}, {"model": "store.productimage", "pk": 1448, "fields": {"product": 424, "image_url": "https://cdn2.1800flowers.com/wcsstore/Flowers/images/catalog/191300alt_viewx.jpg", "sort_order": 2}}, {"model": "store.productimage", "pk": 1449, "fields": {"product": 424, "image_url": "https://cdn2.1800flowers.com/wcsstore/Flowers/images/catalog/191300_summer_altx.jpg", "sort_order": 3}}, {"model": "store.productimage", "pk": 1450, "fields": {"product": 425, "image_url": "https://cdn1.1800flowers.com/wcsstore/Flowers/images/catalog/225291lx.jpg", "sort_order": 1}}, {"model": "store.productimage", "pk": 1451, "fields": {"product": 425, "image_url": "https://cdn1.1800flowers.com/wcsstore/Flowers/images/catalog/225291_alt1x.jpg", "sort_order": 2}}, {"model": "store.productimage", "pk": 1452, "fields": {"product": 425, "image_url": "https://cdn1.1800flowers.com/wcsstore/Flowers/images/catalog/225291_alt3x.jpg", "sort_order": 3}}, {"model": "store.productimage", "pk": 1453, "fields": {"product": 425, "image_url": "https://cdn1.1800flowers.com/wcsstore/Flowers/images/catalog/225291_drgx.jpg", "sort_order": 4}}, {"model": "store.productimage", "pk": 1454, "fields": {"product": 426, "image_url": "https://cdn2.1800flowers.com/wcsstore/Flowers/images/catalog/160557spuv5x.jpg", "sort_order": 1}}, {"model": "store.productimage", "pk": 1455, "fields": {"product": 426, "image_url": "https://cdn2.1800flowers.com/wcsstore/Flowers/images/catalog/160557_alt1x.jpg", "sort_order": 2}}, {"model": "store.productimage", "pk": 1456, "fields": {"product": 426, "image_url": "https://cdn2.1800flowers.com/wcsstore/Flowers/images/catalog/160557_alt2x.jpg", "sort_order": 3}}, {"model": "store.productimage", "pk": 1457, "fields": {"product": 426, "image_url": "https://cdn2.1800flowers.com/wcsstore/Flowers/images/catalog/160557_alt3x.jpg", "sort_order": 4}}, {"model": "store.productimage", "pk": 1459, "fields": {"product": 426, "image_url": "https://cdn2.1800flowers.com/wcsstore/Flowers/images/catalog/191794_alt6x.jpg", "sort_order": 6}}, {"model": "store.productimage", "pk": 1460, "fields": {"product": 427, "image_url": "https://cdn2.1800flowers.com/wcsstore/Flowers/images/catalog/194867mvw1x.jpg", "sort_order": 1}}, {"model": "store.productimage", "pk": 1461, "fields": {"product": 427, "image_url": "https://cdn2.1800flowers.com/wcsstore/Flowers/images/catalog/194867alt_view1x.jpg", "sort_order": 2}}, {"model": "store.productimage", "pk": 1462, "fields": {"product": 427, "image_url": "https://cdn2.1800flowers.com/wcsstore/Flowers/images/catalog/203509_altx.jpg", "sort_order": 3}}, {"model": "store.productimage", "pk": 1463, "fields": {"product": 427, "image_url": "https://cdn2.1800flowers.com/wcsstore/Flowers/images/catalog/203507_altx.jpg", "sort_order": 4}}, {"model": "store.productimage", "pk": 1465, "fields": {"product": 428, "image_url": "https://cdn3.1800flowers.com/wcsstore/Flowers/images/catalog/92926swkv2x.jpg", "sort_order": 1}}, {"model": "store.productimage", "pk": 1466, "fields": {"product": 428, "image_url": "https://cdn3.1800flowers.com/wcsstore/Flowers/images/catalog/92926_alt1x.jpg", "sort_order": 2}}, {"model": "store.productimage", "pk": 1467, "fields": {"product": 428, "image_url": "https://cdn3.1800flowers.com/wcsstore/Flowers/images/catalog/92926_alt2x.jpg", "sort_order": 3}}, {"model": "store.productimage", "pk": 1468, "fields": {"product": 428, "image_url": "https://cdn3.1800flowers.com/wcsstore/Flowers/images/catalog/92926_alt3x.jpg", "sort_order": 4}}, {"model": "store.productimage", "pk": 1470, "fields": {"product": 429, "image_url": "https://cdn3.1800flowers.com/wcsstore/Flowers/images/catalog/90925sprhv1x.jpg", "sort_order": 1}}, {"model": "store.productimage", "pk": 1471, "fields": {"product": 429, "image_url": "https://cdn3.1800flowers.com/wcsstore/Flowers/images/catalog/90925_alt1x.jpg", "sort_order": 2}}, {"model": "store.productimage", "pk": 1473, "fields": {"product": 429, "image_url": "https://cdn3.1800flowers.com/wcsstore/Flowers/images/catalog/88537_altx.jpg", "sort_order": 4}}, {"model": "store.productimage", "pk": 1474, "fields": {"product": 430, "image_url": "https://cdn1.1800flowers.com/wcsstore/Flowers/images/catalog/160077mpkcv2x.jpg", "sort_order": 1}}, {"model": "store.productimage", "pk": 1475, "fields": {"product": 430, "image_url": "https://cdn1.1800flowers.com/wcsstore/Flowers/images/catalog/160077alt_viewx.jpg", "sort_order": 2}}, {"model": "store.productimage", "pk": 1476, "fields": {"product": 430, "image_url": "https://cdn1.1800flowers.com/wcsstore/Flowers/images/catalog/86353alt_viewx.jpg", "sort_order": 3}}, {"model": "store.productimage", "pk": 1478, "fields": {"product": 431, "image_url": "https://cdn1.1800flowers.com/wcsstore/Flowers/images/catalog/160075smbv2x.jpg", "sort_order": 1}}, {"model": "store.productimage", "pk": 1479, "fields": {"product": 431, "image_url": "https://cdn1.1800flowers.com/wcsstore/Flowers/images/catalog/160075_alt1x.jpg", "sort_order": 2}}, {"model": "store.productimage", "pk": 1480, "fields": {"product": 431, "image_url": "https://cdn1.1800flowers.com/wcsstore/Flowers/images/catalog/160075_alt2x.jpg", "sort_order": 3}}, {"model": "store.productimage", "pk": 1481, "fields": {"product": 431, "image_url": "https://cdn1.1800flowers.com/wcsstore/Flowers/images/catalog/160075_alt3x.jpg", "sort_order": 4}}, {"model": "store.productimage", "pk": 1482, "fields": {"product": 431, "image_url": "https://cdn1.1800flowers.com/wcsstore/Flowers/images/catalog/88703_altx.jpg", "sort_order": 5}}, {"model": "store.productimage", "pk": 1483, "fields": {"product": 431, "image_url": "https://cdn1.1800flowers.com/wcsstore/Flowers/images/catalog/83921_altx.jpg", "sort_order": 6}}, {"model": "store.productimage", "pk": 1484, "fields": {"product": 431, "image_url": "https://cdn1.1800flowers.com/wcsstore/Flowers/images/catalog/86353_altx.jpg", "sort_order": 7}}, {"model": "store.productimage", "pk": 1486, "fields": {"product": 431, "image_url": "https://cdn1.1800flowers.com/wcsstore/Flowers/images/catalog/203877_altx.jpg", "sort_order": 9}}, {"model": "store.productimage", "pk": 1487, "fields": {"product": 432, "image_url": "https://cdn1.1800flowers.com/wcsstore/Flowers/images/catalog/212963lx.jpg", "sort_order": 1}}, {"model": "store.productimage", "pk": 1488, "fields": {"product": 432, "image_url": "https://cdn1.1800flowers.com/wcsstore/Flowers/images/catalog/212963_alt1x.jpg", "sort_order": 2}}, {"model": "store.productimage", "pk": 1489, "fields": {"product": 432, "image_url": "https://cdn1.1800flowers.com/wcsstore/Flowers/images/catalog/212963_alt2x.jpg", "sort_order": 3}}, {"model": "store.productimage", "pk": 1490, "fields": {"product": 432, "image_url": "https://cdn1.1800flowers.com/wcsstore/Flowers/images/catalog/212963_alt3x.jpg", "sort_order": 4}}, {"model": "store.productimage", "pk": 1491, "fields": {"product": 432, "image_url": "https://cdn1.1800flowers.com/wcsstore/Flowers/images/catalog/212963_drgx.jpg", "sort_order": 5}}, {"model": "store.productimage", "pk": 1492, "fields": {"product": 433, "image_url": "https://cdn1.1800flowers.com/wcsstore/Flowers/images/catalog/191626lx.jpg", "sort_order": 1}}, {"model": "store.productimage", "pk": 1493, "fields": {"product": 433, "image_url": "https://cdn1.1800flowers.com/wcsstore/Flowers/images/catalog/191626alt_view1x.jpg", "sort_order": 2}}, {"model": "store.productimage", "pk": 1494, "fields": {"product": 433, "image_url": "https://cdn1.1800flowers.com/wcsstore/Flowers/images/catalog/191626alt_view2x.jpg", "sort_order": 3}}, {"model": "store.productimage", "pk": 1495, "fields": {"product": 433, "image_url": "https://cdn1.1800flowers.com/wcsstore/Flowers/images/catalog/191626alt_view3x.jpg", "sort_order": 4}}, {"model": "store.productimage", "pk": 1499, "fields": {"product": 435, "image_url": "https://cdn3.1800flowers.com/wcsstore/Flowers/images/catalog/104516mpfv1x.jpg", "sort_order": 1}}, {"model": "store.productimage", "pk": 1500, "fields": {"product": 435, "image_url": "https://cdn3.1800flowers.com/wcsstore/Flowers/images/catalog/104516_alt1x.jpg", "sort_order": 2}}, {"model": "store.productimage", "pk": 1501, "fields": {"product": 435, "image_url": "https://cdn3.1800flowers.com/wcsstore/Flowers/images/catalog/104516_alt2x.jpg", "sort_order": 3}}, {"model": "store.productimage", "pk": 1503, "fields": {"product": 435, "image_url": "https://cdn3.1800flowers.com/wcsstore/Flowers/images/catalog/shades_of_pink_altviewx.jpg", "sort_order": 5}}, {"model": "store.productimage", "pk": 1504, "fields": {"product": 436, "image_url": "https://cdn1.1800flowers.com/wcsstore/Flowers/images/catalog/191313xlx.jpg", "sort_order": 1}}, {"model": "store.productimage", "pk": 1505, "fields": {"product": 436, "image_url": "https://cdn1.1800flowers.com/wcsstore/Flowers/images/catalog/191313_alt4x.jpg", "sort_order": 2}}, {"model": "store.productimage", "pk": 1506, "fields": {"product": 436, "image_url": "https://cdn1.1800flowers.com/wcsstore/Flowers/images/catalog/191313_alt3x.jpg", "sort_order": 3}}, {"model": "store.productimage", "pk": 1507, "fields": {"product": 436, "image_url": "https://cdn1.1800flowers.com/wcsstore/Flowers/images/catalog/191313_alt1x.jpg", "sort_order": 4}}, {"model": "store.productimage", "pk": 1508, "fields": {"product": 436, "image_url": "https://cdn1.1800flowers.com/wcsstore/Flowers/images/catalog/191313_alt5x.jpg", "sort_order": 5}}, {"model": "store.productimage", "pk": 1509, "fields": {"product": 437, "image_url": "https://cdn2.1800flowers.com/wcsstore/Flowers/images/catalog/140157mpuv5x.jpg", "sort_order": 1}}, {"model": "store.productimage", "pk": 1510, "fields": {"product": 437, "image_url": "https://cdn2.1800flowers.com/wcsstore/Flowers/images/catalog/85602_hg_w2_windchime_purple_gemx.jpg", "sort_order": 2}}, {"model": "store.productimage", "pk": 1511, "fields": {"product": 437, "image_url": "https://cdn2.1800flowers.com/wcsstore/Flowers/images/catalog/140157_alt1x.jpg", "sort_order": 3}}, {"model": "store.productimage", "pk": 1512, "fields": {"product": 437, "image_url": "https://cdn2.1800flowers.com/wcsstore/Flowers/images/catalog/140157_alt2x.jpg", "sort_order": 4}}, {"model": "store.productimage", "pk": 1513, "fields": {"product": 437, "image_url": "https://cdn2.1800flowers.com/wcsstore/Flowers/images/catalog/140157_alt3x.jpg", "sort_order": 5}}, {"model": "store.productimage", "pk": 1514, "fields": {"product": 437, "image_url": "https://cdn2.1800flowers.com/wcsstore/Flowers/images/catalog/140157_alt4x.jpg", "sort_order": 6}}, {"model": "store.productimage", "pk": 1516, "fields": {"product": 438, "image_url": "https://cdn2.1800flowers.com/wcsstore/Flowers/images/catalog/156598xlrdx.jpg", "sort_order": 1}}, {"model": "store.productimage", "pk": 1517, "fields": {"product": 438, "image_url": "https://cdn2.1800flowers.com/wcsstore/Flowers/images/catalog/156390alt_view1x.jpg", "sort_order": 2}}, {"model": "store.productimage", "pk": 1518, "fields": {"product": 438, "image_url": "https://cdn2.1800flowers.com/wcsstore/Flowers/images/catalog/156623_alt3x.jpg", "sort_order": 3}}, {"model": "store.productimage", "pk": 1519, "fields": {"product": 438, "image_url": "https://cdn2.1800flowers.com/wcsstore/Flowers/images/catalog/156623_alt5x.jpg", "sort_order": 4}}, {"model": "store.productimage", "pk": 1520, "fields": {"product": 439, "image_url": "https://cdn1.1800flowers.com/wcsstore/Flowers/images/catalog/212099lx.jpg", "sort_order": 1}}, {"model": "store.productimage", "pk": 1521, "fields": {"product": 439, "image_url": "https://cdn1.1800flowers.com/wcsstore/Flowers/images/catalog/212099_alt1x.jpg", "sort_order": 2}}, {"model": "store.productimage", "pk": 1522, "fields": {"product": 439, "image_url": "https://cdn1.1800flowers.com/wcsstore/Flowers/images/catalog/212099_alt2x.jpg", "sort_order": 3}}, {"model": "store.productimage", "pk": 1523, "fields": {"product": 439, "image_url": "https://cdn1.1800flowers.com/wcsstore/Flowers/images/catalog/212099_alt3x.jpg", "sort_order": 4}}, {"model": "store.productimage", "pk": 1524, "fields": {"product": 439, "image_url": "https://cdn1.1800flowers.com/wcsstore/Flowers/images/catalog/212099_alt4x.jpg", "sort_order": 5}}, {"model": "store.productimage", "pk": 1525, "fields": {"product": 439, "image_url": "https://cdn1.1800flowers.com/wcsstore/Flowers/images/catalog/212099_alt5x.jpg", "sort_order": 6}}, {"model": "store.productimage", "pk": 1526, "fields": {"product": 440, "image_url": "https://cdn3.1800flowers.com/wcsstore/Flowers/images/catalog/212103lx.jpg", "sort_order": 1}}, {"model": "store.productimage", "pk": 1527, "fields": {"product": 440, "image_url": "https://cdn3.1800flowers.com/wcsstore/Flowers/images/catalog/212103_alt1x.jpg", "sort_order": 2}}, {"model": "store.productimage", "pk": 1528, "fields": {"product": 440, "image_url": "https://cdn3.1800flowers.com/wcsstore/Flowers/images/catalog/212103_alt2x.jpg", "sort_order": 3}}, {"model": "store.productimage", "pk": 1529, "fields": {"product": 440, "image_url": "https://cdn3.1800flowers.com/wcsstore/Flowers/images/catalog/212103_alt3x.jpg", "sort_order": 4}}, {"model": "store.productimage", "pk": 1530, "fields": {"product": 440, "image_url": "https://cdn3.1800flowers.com/wcsstore/Flowers/images/catalog/212103_alt4x.jpg", "sort_order": 5}}, {"model": "store.productimage", "pk": 1531, "fields": {"product": 440, "image_url": "https://cdn3.1800flowers.com/wcsstore/Flowers/images/catalog/212103_alt5x.jpg", "sort_order": 6}}, {"model": "store.productimage", "pk": 1532, "fields": {"product": 441, "image_url": "https://cdn3.1800flowers.com/wcsstore/Flowers/images/catalog/212101lx.jpg", "sort_order": 1}}, {"model": "store.productimage", "pk": 1533, "fields": {"product": 441, "image_url": "https://cdn3.1800flowers.com/wcsstore/Flowers/images/catalog/212101_alt1x.jpg", "sort_order": 2}}, {"model": "store.productimage", "pk": 1534, "fields": {"product": 441, "image_url": "https://cdn3.1800flowers.com/wcsstore/Flowers/images/catalog/212101_alt2x.jpg", "sort_order": 3}}, {"model": "store.productimage", "pk": 1535, "fields": {"product": 441, "image_url": "https://cdn3.1800flowers.com/wcsstore/Flowers/images/catalog/212101_alt3x.jpg", "sort_order": 4}}, {"model": "store.productimage", "pk": 1536, "fields": {"product": 441, "image_url": "https://cdn3.1800flowers.com/wcsstore/Flowers/images/catalog/212101_alt4x.jpg", "sort_order": 5}}, {"model": "store.productimage", "pk": 1537, "fields": {"product": 441, "image_url": "https://cdn3.1800flowers.com/wcsstore/Flowers/images/catalog/212101_alt5x.jpg", "sort_order": 6}}, {"model": "store.productimage", "pk": 1538, "fields": {"product": 442, "image_url": "https://cdn1.1800flowers.com/wcsstore/Flowers/images/catalog/212102lx.jpg", "sort_order": 1}}, {"model": "store.productimage", "pk": 1539, "fields": {"product": 442, "image_url": "https://cdn1.1800flowers.com/wcsstore/Flowers/images/catalog/212102_alt1x.jpg", "sort_order": 2}}, {"model": "store.productimage", "pk": 1540, "fields": {"product": 442, "image_url": "https://cdn1.1800flowers.com/wcsstore/Flowers/images/catalog/212102_alt2x.jpg", "sort_order": 3}}, {"model": "store.productimage", "pk": 1541, "fields": {"product": 442, "image_url": "https://cdn1.1800flowers.com/wcsstore/Flowers/images/catalog/212102_alt3x.jpg", "sort_order": 4}}, {"model": "store.productimage", "pk": 1542, "fields": {"product": 442, "image_url": "https://cdn1.1800flowers.com/wcsstore/Flowers/images/catalog/212102_alt4x.jpg", "sort_order": 5}}, {"model": "store.productimage", "pk": 1543, "fields": {"product": 442, "image_url": "https://cdn1.1800flowers.com/wcsstore/Flowers/images/catalog/212102_alt5x.jpg", "sort_order": 6}}, {"model": "store.productimage", "pk": 1544, "fields": {"product": 443, "image_url": "https://cdn3.1800flowers.com/wcsstore/Flowers/images/catalog/212100lx.jpg", "sort_order": 1}}, {"model": "store.productimage", "pk": 1545, "fields": {"product": 443, "image_url": "https://cdn3.1800flowers.com/wcsstore/Flowers/images/catalog/212100_alt1x.jpg", "sort_order": 2}}, {"model": "store.productimage", "pk": 1546, "fields": {"product": 443, "image_url": "https://cdn3.1800flowers.com/wcsstore/Flowers/images/catalog/212100_alt2x.jpg", "sort_order": 3}}, {"model": "store.productimage", "pk": 1547, "fields": {"product": 443, "image_url": "https://cdn3.1800flowers.com/wcsstore/Flowers/images/catalog/212100_alt3x.jpg", "sort_order": 4}}, {"model": "store.productimage", "pk": 1548, "fields": {"product": 443, "image_url": "https://cdn3.1800flowers.com/wcsstore/Flowers/images/catalog/212100_alt4x.jpg", "sort_order": 5}}, {"model": "store.productimage", "pk": 1549, "fields": {"product": 443, "image_url": "https://cdn3.1800flowers.com/wcsstore/Flowers/images/catalog/212100_alt5x.jpg", "sort_order": 6}}, {"model": "store.productimage", "pk": 1550, "fields": {"product": 444, "image_url": "https://cdn3.1800flowers.com/wcsstore/Flowers/images/catalog/212098lx.jpg", "sort_order": 1}}, {"model": "store.productimage", "pk": 1551, "fields": {"product": 444, "image_url": "https://cdn3.1800flowers.com/wcsstore/Flowers/images/catalog/212098_alt1x.jpg", "sort_order": 2}}, {"model": "store.productimage", "pk": 1552, "fields": {"product": 444, "image_url": "https://cdn3.1800flowers.com/wcsstore/Flowers/images/catalog/212098_alt2x.jpg", "sort_order": 3}}, {"model": "store.productimage", "pk": 1553, "fields": {"product": 444, "image_url": "https://cdn3.1800flowers.com/wcsstore/Flowers/images/catalog/212098_alt3x.jpg", "sort_order": 4}}, {"model": "store.productimage", "pk": 1554, "fields": {"product": 444, "image_url": "https://cdn3.1800flowers.com/wcsstore/Flowers/images/catalog/212098_alt4x.jpg", "sort_order": 5}}, {"model": "store.productimage", "pk": 1555, "fields": {"product": 444, "image_url": "https://cdn3.1800flowers.com/wcsstore/Flowers/images/catalog/212098_alt5x.jpg", "sort_order": 6}}, {"model": "store.productimage", "pk": 1556, "fields": {"product": 445, "image_url": "https://cdn3.1800flowers.com/wcsstore/Flowers/images/catalog/191170xlx.jpg", "sort_order": 1}}, {"model": "store.productimage", "pk": 1557, "fields": {"product": 445, "image_url": "https://cdn3.1800flowers.com/wcsstore/Flowers/images/catalog/191170_alt1x.jpg", "sort_order": 2}}, {"model": "store.productimage", "pk": 1558, "fields": {"product": 445, "image_url": "https://cdn3.1800flowers.com/wcsstore/Flowers/images/catalog/191170_alt3x.jpg", "sort_order": 3}}, {"model": "store.productimage", "pk": 1559, "fields": {"product": 445, "image_url": "https://cdn3.1800flowers.com/wcsstore/Flowers/images/catalog/191170_alt4x.jpg", "sort_order": 4}}, {"model": "store.productimage", "pk": 1560, "fields": {"product": 445, "image_url": "https://cdn3.1800flowers.com/wcsstore/Flowers/images/catalog/191170_alt5x.jpg", "sort_order": 5}}, {"model": "store.productimage", "pk": 1561, "fields": {"product": 446, "image_url": "https://cdn1.1800flowers.com/wcsstore/Flowers/images/catalog/194468mbcv1ws9x.jpg", "sort_order": 1}}, {"model": "store.productimage", "pk": 1562, "fields": {"product": 446, "image_url": "https://cdn1.1800flowers.com/wcsstore/Flowers/images/catalog/203511_alt1x.jpg", "sort_order": 2}}, {"model": "store.productimage", "pk": 1563, "fields": {"product": 446, "image_url": "https://cdn1.1800flowers.com/wcsstore/Flowers/images/catalog/203511_alt2x.jpg", "sort_order": 3}}, {"model": "store.productimage", "pk": 1564, "fields": {"product": 446, "image_url": "https://cdn1.1800flowers.com/wcsstore/Flowers/images/catalog/203512_altx.jpg", "sort_order": 4}}, {"model": "store.productimage", "pk": 1565, "fields": {"product": 446, "image_url": "https://cdn1.1800flowers.com/wcsstore/Flowers/images/catalog/188459alt_view1x.jpg", "sort_order": 5}}, {"model": "store.productimage", "pk": 1567, "fields": {"product": 447, "image_url": "https://cdn2.1800flowers.com/wcsstore/Flowers/images/catalog/213299mbcv1ws9x.jpg", "sort_order": 1}}, {"model": "store.productimage", "pk": 1568, "fields": {"product": 447, "image_url": "https://cdn2.1800flowers.com/wcsstore/Flowers/images/catalog/203511_alt1x.jpg", "sort_order": 2}}, {"model": "store.productimage", "pk": 1569, "fields": {"product": 447, "image_url": "https://cdn2.1800flowers.com/wcsstore/Flowers/images/catalog/203511_alt2x.jpg", "sort_order": 3}}, {"model": "store.productimage", "pk": 1570, "fields": {"product": 447, "image_url": "https://cdn2.1800flowers.com/wcsstore/Flowers/images/catalog/203512_altx.jpg", "sort_order": 4}}, {"model": "store.productimage", "pk": 1571, "fields": {"product": 447, "image_url": "https://cdn2.1800flowers.com/wcsstore/Flowers/images/catalog/188459alt_view1x.jpg", "sort_order": 5}}, {"model": "store.productimage", "pk": 1573, "fields": {"product": 447, "image_url": "https://cdn2.1800flowers.com/wcsstore/Flowers/images/catalog/core_lily_alt_viewx.jpg", "sort_order": 7}}, {"model": "store.productimage", "pk": 1574, "fields": {"product": 447, "image_url": "https://cdn2.1800flowers.com/wcsstore/Flowers/images/catalog/193050_alt1x.jpg", "sort_order": 8}}, {"model": "store.productimage", "pk": 1575, "fields": {"product": 447, "image_url": "https://cdn2.1800flowers.com/wcsstore/Flowers/images/catalog/95044_bud_mixedx.jpg", "sort_order": 9}}, {"model": "store.productimage", "pk": 1576, "fields": {"product": 448, "image_url": "https://cdn2.1800flowers.com/wcsstore/Flowers/images/catalog/95044myfv1x.jpg", "sort_order": 1}}, {"model": "store.productimage", "pk": 1577, "fields": {"product": 448, "image_url": "https://cdn2.1800flowers.com/wcsstore/Flowers/images/catalog/95044_bud_mixedx.jpg", "sort_order": 2}}, {"model": "store.productimage", "pk": 1578, "fields": {"product": 448, "image_url": "https://cdn2.1800flowers.com/wcsstore/Flowers/images/catalog/95044alt_viewx.jpg", "sort_order": 3}}, {"model": "store.productimage", "pk": 1579, "fields": {"product": 448, "image_url": "https://cdn2.1800flowers.com/wcsstore/Flowers/images/catalog/95044_alt2x.jpg", "sort_order": 4}}, {"model": "store.productimage", "pk": 1581, "fields": {"product": 449, "image_url": "https://cdn3.1800flowers.com/wcsstore/Flowers/images/catalog/194467mbcv1ws9x.jpg", "sort_order": 1}}, {"model": "store.productimage", "pk": 1582, "fields": {"product": 449, "image_url": "https://cdn3.1800flowers.com/wcsstore/Flowers/images/catalog/194467_alt2x.jpg", "sort_order": 2}}, {"model": "store.productimage", "pk": 1583, "fields": {"product": 449, "image_url": "https://cdn3.1800flowers.com/wcsstore/Flowers/images/catalog/203511_alt1x.jpg", "sort_order": 3}}, {"model": "store.productimage", "pk": 1584, "fields": {"product": 449, "image_url": "https://cdn3.1800flowers.com/wcsstore/Flowers/images/catalog/203511_alt2x.jpg", "sort_order": 4}}, {"model": "store.productimage", "pk": 1585, "fields": {"product": 449, "image_url": "https://cdn3.1800flowers.com/wcsstore/Flowers/images/catalog/203512_altx.jpg", "sort_order": 5}}, {"model": "store.productimage", "pk": 1586, "fields": {"product": 449, "image_url": "https://cdn3.1800flowers.com/wcsstore/Flowers/images/catalog/188459alt_view1x.jpg", "sort_order": 6}}, {"model": "store.productimage", "pk": 1588, "fields": {"product": 450, "image_url": "https://cdn1.1800flowers.com/wcsstore/Flowers/images/catalog/213730myfv1x.jpg", "sort_order": 1}}, {"model": "store.productimage", "pk": 1589, "fields": {"product": 450, "image_url": "https://cdn1.1800flowers.com/wcsstore/Flowers/images/catalog/104514_alt1x.jpg", "sort_order": 2}}, {"model": "store.productimage", "pk": 1591, "fields": {"product": 450, "image_url": "https://cdn1.1800flowers.com/wcsstore/Flowers/images/catalog/219520_altx.jpg", "sort_order": 4}}, {"model": "store.productimage", "pk": 1592, "fields": {"product": 451, "image_url": "https://cdn2.1800flowers.com/wcsstore/Flowers/images/catalog/213396lx.jpg", "sort_order": 1}}, {"model": "store.productimage", "pk": 1593, "fields": {"product": 451, "image_url": "https://cdn2.1800flowers.com/wcsstore/Flowers/images/catalog/213396_alt1x.jpg", "sort_order": 2}}, {"model": "store.productimage", "pk": 1594, "fields": {"product": 451, "image_url": "https://cdn2.1800flowers.com/wcsstore/Flowers/images/catalog/213396_alt3x.jpg", "sort_order": 3}}, {"model": "store.productimage", "pk": 1595, "fields": {"product": 452, "image_url": "https://cdn2.1800flowers.com/wcsstore/Flowers/images/catalog/191109xlx.jpg", "sort_order": 1}}, {"model": "store.productimage", "pk": 1596, "fields": {"product": 452, "image_url": "https://cdn2.1800flowers.com/wcsstore/Flowers/images/catalog/191109_alt1x.jpg", "sort_order": 2}}, {"model": "store.productimage", "pk": 1597, "fields": {"product": 452, "image_url": "https://cdn2.1800flowers.com/wcsstore/Flowers/images/catalog/191109_alt2x.jpg", "sort_order": 3}}, {"model": "store.productimage", "pk": 1598, "fields": {"product": 452, "image_url": "https://cdn2.1800flowers.com/wcsstore/Flowers/images/catalog/191109_alt3x.jpg", "sort_order": 4}}, {"model": "store.productimage", "pk": 1599, "fields": {"product": 453, "image_url": "https://cdn2.1800flowers.com/wcsstore/Flowers/images/catalog/191771lx.jpg", "sort_order": 1}}, {"model": "store.productimage", "pk": 1600, "fields": {"product": 453, "image_url": "https://cdn2.1800flowers.com/wcsstore/Flowers/images/catalog/191771_alt1x.jpg", "sort_order": 2}}, {"model": "store.productimage", "pk": 1601, "fields": {"product": 453, "image_url": "https://cdn2.1800flowers.com/wcsstore/Flowers/images/catalog/191771_alt2x.jpg", "sort_order": 3}}, {"model": "store.productimage", "pk": 1602, "fields": {"product": 453, "image_url": "https://cdn2.1800flowers.com/wcsstore/Flowers/images/catalog/191771_alt3x.jpg", "sort_order": 4}}, {"model": "store.productimage", "pk": 1603, "fields": {"product": 453, "image_url": "https://cdn2.1800flowers.com/wcsstore/Flowers/images/catalog/191771_alt4x.jpg", "sort_order": 5}}, {"model": "store.productimage", "pk": 1604, "fields": {"product": 454, "image_url": "https://cdn1.1800flowers.com/wcsstore/Flowers/images/catalog/213691lx.jpg", "sort_order": 1}}, {"model": "store.productimage", "pk": 1605, "fields": {"product": 454, "image_url": "https://cdn1.1800flowers.com/wcsstore/Flowers/images/catalog/213691_alt1x.jpg", "sort_order": 2}}, {"model": "store.productimage", "pk": 1606, "fields": {"product": 454, "image_url": "https://cdn1.1800flowers.com/wcsstore/Flowers/images/catalog/213691_alt3x.jpg", "sort_order": 3}}, {"model": "store.productimage", "pk": 1607, "fields": {"product": 454, "image_url": "https://cdn1.1800flowers.com/wcsstore/Flowers/images/catalog/213691_drgx.jpg", "sort_order": 4}}, {"model": "store.productimage", "pk": 1608, "fields": {"product": 455, "image_url": "https://cdn1.1800flowers.com/wcsstore/Flowers/images/catalog/192279schv2cn10x.jpg", "sort_order": 1}}, {"model": "store.productimage", "pk": 1609, "fields": {"product": 455, "image_url": "https://cdn1.1800flowers.com/wcsstore/Flowers/images/catalog/91739alt_view1x.jpg", "sort_order": 2}}, {"model": "store.productimage", "pk": 1610, "fields": {"product": 455, "image_url": "https://cdn1.1800flowers.com/wcsstore/Flowers/images/catalog/219310_altx.jpg", "sort_order": 3}}, {"model": "store.productimage", "pk": 1611, "fields": {"product": 455, "image_url": "https://cdn1.1800flowers.com/wcsstore/Flowers/images/catalog/90926_alt1x.jpg", "sort_order": 4}}, {"model": "store.productimage", "pk": 1612, "fields": {"product": 455, "image_url": "https://cdn1.1800flowers.com/wcsstore/Flowers/images/catalog/red_roses_alt_viewx.jpg", "sort_order": 5}}, {"model": "store.productimage", "pk": 1614, "fields": {"product": 456, "image_url": "https://cdn2.1800flowers.com/wcsstore/Flowers/images/catalog/225287lpx.jpg", "sort_order": 1}}, {"model": "store.productimage", "pk": 1615, "fields": {"product": 456, "image_url": "https://cdn2.1800flowers.com/wcsstore/Flowers/images/catalog/191879_alt1x.jpg", "sort_order": 2}}, {"model": "store.productimage", "pk": 1616, "fields": {"product": 456, "image_url": "https://cdn2.1800flowers.com/wcsstore/Flowers/images/catalog/191879_alt2x.jpg", "sort_order": 3}}, {"model": "store.productimage", "pk": 1617, "fields": {"product": 456, "image_url": "https://cdn2.1800flowers.com/wcsstore/Flowers/images/catalog/211598_altx.jpg", "sort_order": 4}}, {"model": "store.productimage", "pk": 1618, "fields": {"product": 457, "image_url": "https://cdn1.1800flowers.com/wcsstore/Flowers/images/catalog/212968lx.jpg", "sort_order": 1}}, {"model": "store.productimage", "pk": 1619, "fields": {"product": 457, "image_url": "https://cdn1.1800flowers.com/wcsstore/Flowers/images/catalog/212968_alt1x.jpg", "sort_order": 2}}, {"model": "store.productimage", "pk": 1620, "fields": {"product": 457, "image_url": "https://cdn1.1800flowers.com/wcsstore/Flowers/images/catalog/212968_alt2x.jpg", "sort_order": 3}}, {"model": "store.productimage", "pk": 1621, "fields": {"product": 457, "image_url": "https://cdn1.1800flowers.com/wcsstore/Flowers/images/catalog/212968_alt3x.jpg", "sort_order": 4}}, {"model": "store.productimage", "pk": 1622, "fields": {"product": 457, "image_url": "https://cdn1.1800flowers.com/wcsstore/Flowers/images/catalog/212968_drgx.jpg", "sort_order": 5}}, {"model": "store.productimage", "pk": 1623, "fields": {"product": 458, "image_url": "https://cdn3.1800flowers.com/wcsstore/Flowers/images/catalog/191116dxx.jpg", "sort_order": 1}}, {"model": "store.productimage", "pk": 1624, "fields": {"product": 458, "image_url": "https://cdn3.1800flowers.com/wcsstore/Flowers/images/catalog/191116_alt1x.jpg", "sort_order": 2}}, {"model": "store.productimage", "pk": 1625, "fields": {"product": 458, "image_url": "https://cdn3.1800flowers.com/wcsstore/Flowers/images/catalog/191116_alt2x.jpg", "sort_order": 3}}, {"model": "store.productimage", "pk": 1626, "fields": {"product": 459, "image_url": "https://cdn2.1800flowers.com/wcsstore/Flowers/images/catalog/191112xlx.jpg", "sort_order": 1}}, {"model": "store.productimage", "pk": 1627, "fields": {"product": 459, "image_url": "https://cdn2.1800flowers.com/wcsstore/Flowers/images/catalog/191112_alt3x.jpg", "sort_order": 2}}, {"model": "store.productimage", "pk": 1628, "fields": {"product": 459, "image_url": "https://cdn2.1800flowers.com/wcsstore/Flowers/images/catalog/191112_alt2x.jpg", "sort_order": 3}}, {"model": "store.productimage", "pk": 1629, "fields": {"product": 459, "image_url": "https://cdn2.1800flowers.com/wcsstore/Flowers/images/catalog/191112_alt1x.jpg", "sort_order": 4}}, {"model": "store.productimage", "pk": 1630, "fields": {"product": 459, "image_url": "https://cdn2.1800flowers.com/wcsstore/Flowers/images/catalog/191112_alt5x.jpg", "sort_order": 5}}, {"model": "store.productimage", "pk": 1631, "fields": {"product": 460, "image_url": "https://cdn1.1800flowers.com/wcsstore/Flowers/images/catalog/161132lx.jpg", "sort_order": 1}}, {"model": "store.productimage", "pk": 1632, "fields": {"product": 460, "image_url": "https://cdn1.1800flowers.com/wcsstore/Flowers/images/catalog/161132_alt3x.jpg", "sort_order": 2}}, {"model": "store.productimage", "pk": 1633, "fields": {"product": 460, "image_url": "https://cdn1.1800flowers.com/wcsstore/Flowers/images/catalog/161132_alt1x.jpg", "sort_order": 3}}, {"model": "store.productimage", "pk": 1634, "fields": {"product": 460, "image_url": "https://cdn1.1800flowers.com/wcsstore/Flowers/images/catalog/155248x.jpg", "sort_order": 4}}, {"model": "store.productimage", "pk": 1635, "fields": {"product": 461, "image_url": "https://cdn1.1800flowers.com/wcsstore/Flowers/images/catalog/177929bnx.jpg", "sort_order": 1}}, {"model": "store.productimage", "pk": 1636, "fields": {"product": 461, "image_url": "https://cdn1.1800flowers.com/wcsstore/Flowers/images/catalog/177929_alt1x.jpg", "sort_order": 2}}, {"model": "store.productimage", "pk": 1637, "fields": {"product": 461, "image_url": "https://cdn1.1800flowers.com/wcsstore/Flowers/images/catalog/177929_alt2x.jpg", "sort_order": 3}}, {"model": "store.productimage", "pk": 1638, "fields": {"product": 461, "image_url": "https://cdn1.1800flowers.com/wcsstore/Flowers/images/catalog/177929_alt4x.jpg", "sort_order": 4}}, {"model": "store.productimage", "pk": 1639, "fields": {"product": 462, "image_url": "https://cdn2.1800flowers.com/wcsstore/Flowers/images/catalog/213395lx.jpg", "sort_order": 1}}, {"model": "store.productimage", "pk": 1640, "fields": {"product": 462, "image_url": "https://cdn2.1800flowers.com/wcsstore/Flowers/images/catalog/213395_alt1x.jpg", "sort_order": 2}}, {"model": "store.productimage", "pk": 1641, "fields": {"product": 462, "image_url": "https://cdn2.1800flowers.com/wcsstore/Flowers/images/catalog/213395_alt3x.jpg", "sort_order": 3}}, {"model": "store.productimage", "pk": 1642, "fields": {"product": 463, "image_url": "https://cdn1.1800flowers.com/wcsstore/Flowers/images/catalog/213357xlx.jpg", "sort_order": 1}}, {"model": "store.productimage", "pk": 1643, "fields": {"product": 463, "image_url": "https://cdn1.1800flowers.com/wcsstore/Flowers/images/catalog/213357_alt3x.jpg", "sort_order": 2}}, {"model": "store.productimage", "pk": 1644, "fields": {"product": 463, "image_url": "https://cdn1.1800flowers.com/wcsstore/Flowers/images/catalog/213354_drgx.jpg", "sort_order": 3}}, {"model": "store.productimage", "pk": 1645, "fields": {"product": 464, "image_url": "https://cdn2.1800flowers.com/wcsstore/Flowers/images/catalog/213397lx.jpg", "sort_order": 1}}, {"model": "store.productimage", "pk": 1646, "fields": {"product": 464, "image_url": "https://cdn2.1800flowers.com/wcsstore/Flowers/images/catalog/213397_alt1x.jpg", "sort_order": 2}}, {"model": "store.productimage", "pk": 1647, "fields": {"product": 464, "image_url": "https://cdn2.1800flowers.com/wcsstore/Flowers/images/catalog/213397_alt3x.jpg", "sort_order": 3}}, {"model": "store.productimage", "pk": 1648, "fields": {"product": 464, "image_url": "https://cdn2.1800flowers.com/wcsstore/Flowers/images/catalog/213397lb_alt5x.jpg", "sort_order": 4}}, {"model": "store.productimage", "pk": 1844, "fields": {"product": 434, "image_url": "https://cdn1.1800flowers.com/wcsstore/Flowers/images/catalog/191629xlx.jpg", "sort_order": 1}}, {"model": "store.productimage", "pk": 1845, "fields": {"product": 434, "image_url": "https://cdn1.1800flowers.com/wcsstore/Flowers/images/catalog/191629alt_view2x.jpg", "sort_order": 2}}, {"model": "store.productimage", "pk": 1846, "fields": {"product": 434, "image_url": "https://cdn1.1800flowers.com/wcsstore/Flowers/images/catalog/191629alt_view1x.jpg", "sort_order": 3}}, {"model": "store.profile", "pk": 1, "fields": {"user": 11, "first_name": "Ivan", "last_name": "Petrov", "phone": "+79990001122", "address": "Moscow"}}, {"model": "store.profile", "pk": 2, "fields": {"user": 12, "first_name": "Влад", "last_name": "Малов", "phone": "", "address": ""}}, {"model": "store.profile", "pk": 3, "fields": {"user": 9, "first_name": "Влад", "last_name": "Малов", "phone": "+7 (908) 967-7832", "address": "г. Уссурийск"}}, {"model": "store.cartitem", "pk": 20, "fields": {"user": 9, "product": 408, "quantity": 1}}, {"model": "store.order", "pk": 1, "fields": {"user": 9, "full_name": "vlad", "phone": "+7 (908) 967-7832", "address": "ер", "email": "vladmalov19@gmail.com", "comment": "", "payment_method": "sbp", "status": "completed", "provider_payment_id": "", "paid_at": null, "completed_at": "2026-06-24T13:10:29.740Z", "total_price": 13198, "created_at": "2026-06-22T11:26:00.213Z"}}, {"model": "store.order", "pk": 2, "fields": {"user": 9, "full_name": "vlad", "phone": "+7 (908) 967-7832", "address": "ер", "email": "vladmalov19@gmail.com", "comment": "", "payment_method": "sbp", "status": "completed", "provider_payment_id": "", "paid_at": "2026-06-22T11:37:24.333Z", "completed_at": "2026-06-24T13:09:42.754Z", "total_price": 5599, "created_at": "2026-06-22T11:37:15.837Z"}}, {"model": "store.order", "pk": 3, "fields": {"user": 9, "full_name": "vlad", "phone": "+7 (908) 967-7832", "address": "Уссурийск", "email": "vladmalov19@gmail.com", "comment": "", "payment_method": "sbp", "status": "paid", "provider_payment_id": "", "paid_at": "2026-06-24T13:28:51.616Z", "completed_at": null, "total_price": 6639, "created_at": "2026-06-24T13:28:47.832Z"}}, {"model": "store.order", "pk": 4, "fields": {"user": 9, "full_name": "vlad", "phone": "+7 (908) 967-7832", "address": "Уссурийск", "email": "vladmalov19@gmail.com", "comment": "", "payment_method": "sbp", "status": "completed", "provider_payment_id": "", "paid_at": "2026-06-25T03:53:52.632Z", "completed_at": "2026-06-25T03:54:44.199Z", "total_price": 30396, "created_at": "2026-06-25T03:53:45.930Z"}}, {"model": "store.order", "pk": 5, "fields": {"user": 9, "full_name": "Влад Малов", "phone": "+7 (908) 967-7832", "address": "г. Уссурийск", "email": "vladmalov19@gmail.com", "comment": "", "payment_method": "sbp", "status": "pending", "provider_payment_id": "", "paid_at": null, "completed_at": null, "total_price": 5599, "created_at": "2026-06-26T05:56:04.333Z"}}, {"model": "store.orderitem", "pk": 1, "fields": {"order": 1, "product_title": "Розы и перуанские лилии", "price": 7599, "quantity": 1, "image_url": "https://cdn1.1800flowers.com/wcsstore/Flowers/images/catalog/144754mpkcv2x.jpg"}}, {"model": "store.orderitem", "pk": 2, "fields": {"order": 1, "product_title": "Праздничный букет", "price": 5599, "quantity": 1, "image_url": "https://cdn2.1800flowers.com/wcsstore/Flowers/images/catalog/194582srdhv1x.jpg"}}, {"model": "store.orderitem", "pk": 3, "fields": {"order": 2, "product_title": "Праздничный букет", "price": 5599, "quantity": 1, "image_url": "https://cdn2.1800flowers.com/wcsstore/Flowers/images/catalog/194582srdhv1x.jpg"}}, {"model": "store.orderitem", "pk": 4, "fields": {"order": 3, "product_title": "Две дюжины разноцветных роз", "price": 6639, "quantity": 1, "image_url": "https://cdn1.1800flowers.com/wcsstore/Flowers/images/catalog/90925mpuv5x.jpg"}}, {"model": "store.orderitem", "pk": 5, "fields": {"order": 4, "product_title": "Летние поля Европы", "price": 7999, "quantity": 3, "image_url": "https://cdn3.1800flowers.com/wcsstore/Flowers/images/catalog/225410xlx.jpg"}}, {"model": "store.orderitem", "pk": 6, "fields": {"order": 4, "product_title": "Яркий цветочный микс", "price": 6399, "quantity": 1, "image_url": "https://cdn1.1800flowers.com/wcsstore/Flowers/images/catalog/191313xlx.jpg"}}, {"model": "store.orderitem", "pk": 7, "fields": {"order": 5, "product_title": "Праздничный букет", "price": 5599, "quantity": 1, "image_url": "https://cdn2.1800flowers.com/wcsstore/Flowers/images/catalog/194582srdhv1x.jpg"}}]